NZ_FOHN01000015.1|52930|61692	NZ_FOHN01000015.1|52930|61692
NZ_FUWV01000001.1|267187|274389	NZ_FUWV01000001.1|267187|274389
NZ_BLZR01000001.1|3256980|3263758	NZ_BLZR01000001.1|3256980|3263758
NZ_BQXZ01000002.1|837866|844644	NZ_BQXZ01000002.1|837866|844644
NZ_CP063816.1|1307197|1314043	NZ_CP063816.1|1307197|1314043
NZ_FNQE01000022.1|24381|31911	NZ_FNQE01000022.1|24381|31911
NZ_FOCG01000001.1|784839|790374	NZ_FOCG01000001.1|784839|790374
NZ_LITT01000004.1|107563|114493	NZ_LITT01000004.1|107563|114493
NZ_JHYD01000009.1|183432|191372	NZ_JHYD01000009.1|183432|191372
NZ_JAHLEB010000009.1|45300|52206	NZ_JAHLEB010000009.1|45300|52206
NZ_LT963430.1|1899528|1907258	NZ_LT963430.1|1899528|1907258
NZ_ATAY01000011.1|6297|14002	NZ_ATAY01000011.1|6297|14002
NZ_LKET01000028.1|139087|145969	NZ_LKET01000028.1|139087|145969
NZ_RRCM01000001.1|692879|697904	NZ_RRCM01000001.1|692879|697904
NZ_JHYF01000001.1|58892|66471	NZ_JHYF01000001.1|58892|66471
NZ_BOPZ01000008.1|44700|51714	NZ_BOPZ01000008.1|44700|51714
NZ_JAJUXF010000001.1|856672|861147	NZ_JAJUXF010000001.1|856672|861147
NZ_FWXW01000010.1|6029|10995	NZ_FWXW01000010.1|6029|10995
NZ_BDQY01000002.1|57403|65369	NZ_BDQY01000002.1|57403|65369
NZ_JACRSQ010000005.1|10858|14781	NZ_JACRSQ010000005.1|10858|14781
NZ_LZFO01000032.1|12222|19052	NZ_LZFO01000032.1|12222|19052
NZ_JBMBWP010000002.1|1910089|1914859	NZ_JBMBWP010000002.1|1910089|1914859
NZ_BAAACP010000006.1|140603|146307	NZ_BAAACP010000006.1|140603|146307
NZ_JBCITM010000002.1|8555|15564	NZ_JBCITM010000002.1|8555|15564
NZ_JBBMMD010000047.1|17163|24993	NZ_JBBMMD010000047.1|17163|24993
NZ_JBBHLB010000001.1|328750|338646	NZ_JBBHLB010000001.1|328750|338646
NZ_NFLU01000008.1|23860|37995	NZ_NFLU01000008.1|23860|37995
NZ_OAOH01000001.1|453436|464182	NZ_OAOH01000001.1|453436|464182
NZ_CP032452.1|2758013|2763712	NZ_CP032452.1|2758013|2763712
NZ_JARYZI010000001.1|646385|653452	NZ_JARYZI010000001.1|646385|653452
NZ_CALPCY010000007.1|93433|98187	NZ_CALPCY010000007.1|93433|98187
NZ_JAJJPB010000020.1|37135|44115	NZ_JAJJPB010000020.1|37135|44115
NZ_CP161000.1|2804034|2809730	NZ_CP161000.1|2804034|2809730
NZ_CP113903.1|3009705|3014189	NZ_CP113903.1|3009705|3014189
NZ_CP054394.1|1661749|1667083	NZ_CP054394.1|1661749|1667083
NZ_FUZT01000005.1|261102|268639	NZ_FUZT01000005.1|261102|268639
NZ_JACHFW010000009.1|128874|135783	NZ_JACHFW010000009.1|128874|135783
NZ_PTJA01000001.1|684799|689568	NZ_PTJA01000001.1|684799|689568
NZ_RXHQ01000004.1|115365|122370	NZ_RXHQ01000004.1|115365|122370
NZ_LWAE01000001.1|832538|839731	NZ_LWAE01000001.1|832538|839731
NZ_JAFBDT010000006.1|77752|84673	NZ_JAFBDT010000006.1|77752|84673
NZ_CP016893.1|2576893|2584228	NZ_CP016893.1|2576893|2584228
NZ_WJBE01000008.1|87058|91357	NZ_WJBE01000008.1|87058|91357
NZ_RYYS01000042.1|4791|11755	NZ_RYYS01000042.1|4791|11755
NZ_FQXM01000004.1|228633|235367	NZ_FQXM01000004.1|228633|235367
NZ_JENO01000007.1|50373|57215	NZ_JENO01000007.1|50373|57215
NC_010718.1|1852973|1858849	NC_010718.1|1852973|1858849
NZ_CP119677.1|1795575|1803326	NZ_CP119677.1|1795575|1803326
NZ_CP176625.1|3466585|3470808	NZ_CP176625.1|3466585|3470808
NZ_JAHBCL010000024.1|43635|50752	NZ_JAHBCL010000024.1|43635|50752
NZ_MZGV01000008.1|62284|69336	NZ_MZGV01000008.1|62284|69336
NZ_CP060286.1|550053|554812	NZ_CP060286.1|550053|554812
NZ_CP086147.1|3237008|3243906	NZ_CP086147.1|3237008|3243906
NZ_QVME01000001.1|327243|332055	NZ_QVME01000001.1|327243|332055
NZ_AP017630.1|2264091|2270589	NZ_AP017630.1|2264091|2270589
NZ_FQXP01000013.1|42090|49599	NZ_FQXP01000013.1|42090|49599
NZ_FQZO01000001.1|696580|703347	NZ_FQZO01000001.1|696580|703347
NZ_CP124862.1|5358735|5364164	NZ_CP124862.1|5358735|5364164
NZ_CP120733.1|2709788|2717652	NZ_CP120733.1|2709788|2717652
NZ_JAHLPP010000001.1|938277|943744	NZ_JAHLPP010000001.1|938277|943744
NZ_CP060696.1|1391878|1396903	NZ_CP060696.1|1391878|1396903
NZ_FUYH01000004.1|4723|12268	NZ_FUYH01000004.1|4723|12268
NZ_JAQYUU010000001.1|1427220|1434076	NZ_JAQYUU010000001.1|1427220|1434076
NZ_OAOD01000003.1|60142|67674	NZ_OAOD01000003.1|60142|67674
NZ_LN875035.1|3188051|3191702	NZ_LN875035.1|3188051|3191702
NZ_CP013242.1|0|2776765	NZ_CP013242.1|0|2776765
NZ_LT835157.1|1697637|1701468	NZ_LT835157.1|1697637|1701468
NZ_JAJEPU010000020.1|26467|31221	NZ_JAJEPU010000020.1|26467|31221
NZ_JALNQL010000002.1|460178|466992	NZ_JALNQL010000002.1|460178|466992
NZ_JAOQJH010000006.1|99498|104312	NZ_JAOQJH010000006.1|99498|104312
NZ_CP158367.1|851768|863553	NZ_CP158367.1|851768|863553
NZ_CABFVD010000001.1|114357|121386	NZ_CABFVD010000001.1|114357|121386
NZ_PEDL01000002.1|131691|135469	NZ_PEDL01000002.1|131691|135469
NZ_CP137758.1|2057651|2064512	NZ_CP137758.1|2057651|2064512
NZ_JBAIYY010000001.1|17953|24803	NZ_JBAIYY010000001.1|17953|24803
NZ_JBBMFD010000001.1|308647|312518	NZ_JBBMFD010000001.1|308647|312518
NZ_FWXH01000003.1|161023|167882	NZ_FWXH01000003.1|161023|167882
NZ_CP173187.2|2740150|2744353	NZ_CP173187.2|2740150|2744353
NZ_CABMKL010000001.1|2240289|2244987	NZ_CABMKL010000001.1|2240289|2244987
NZ_CP171113.1|889551|896584	NZ_CP171113.1|889551|896584
NZ_RLII01000004.1|99123|103584	NZ_RLII01000004.1|99123|103584
NZ_OZ223661.1|965802|976068	NZ_OZ223661.1|965802|976068
NZ_PYLO01000004.1|243047|247787	NZ_PYLO01000004.1|243047|247787
NZ_CP133189.1|707967|712719	NZ_CP133189.1|707967|712719
NZ_SGXF01000001.1|1027092|1033963	NZ_SGXF01000001.1|1027092|1033963
NZ_FOKI01000002.1|141120|148284	NZ_FOKI01000002.1|141120|148284
NZ_CP040506.1|4444084|4448800	NZ_CP040506.1|4444084|4448800
NZ_QPJT01000016.1|48304|56489	NZ_QPJT01000016.1|48304|56489
NZ_JAAMNG020000001.1|2111782|2118661	NZ_JAAMNG020000001.1|2111782|2118661
NZ_BAABZE010000001.1|5323324|5328070	NZ_BAABZE010000001.1|5323324|5328070
NZ_JABSWD010000001.1|3060864|3067972	NZ_JABSWD010000001.1|3060864|3067972
NZ_JADNIV010000001.1|299119|304021	NZ_JADNIV010000001.1|299119|304021
NZ_NOJY02000003.1|54946|63695	NZ_NOJY02000003.1|54946|63695
NZ_JAHLEF010000008.1|134907|141822	NZ_JAHLEF010000008.1|134907|141822
NZ_JAPPRQ010000011.1|92184|99003	NZ_JAPPRQ010000011.1|92184|99003
NZ_CP042243.1|1379748|1387241	NZ_CP042243.1|1379748|1387241
NZ_AP031438.1|1471173|1476774	NZ_AP031438.1|1471173|1476774
NZ_JAQETU010000021.1|46808|51554	NZ_JAQETU010000021.1|46808|51554
NZ_JADYUM010000003.1|55198|60282	NZ_JADYUM010000003.1|55198|60282
NZ_JBBMFK010000012.1|56092|60928	NZ_JBBMFK010000012.1|56092|60928
NZ_LT732526.1|2845967|2850720	NZ_LT732526.1|2845967|2850720
NC_009706.1|3198322|3205324	NC_009706.1|3198322|3205324
NZ_PQDH01000001.1|223421|231090	NZ_PQDH01000001.1|223421|231090
NZ_CP014176.1|1737287|1744391	NZ_CP014176.1|1737287|1744391
NZ_SDOZ01000003.1|237254|242035	NZ_SDOZ01000003.1|237254|242035
NZ_CP040093.1|616297|623137	NZ_CP040093.1|616297|623137
NZ_RJVG01000011.1|6338|17527	NZ_RJVG01000011.1|6338|17527
NZ_VFMF01000001.1|361554|366367	NZ_VFMF01000001.1|361554|366367
NZ_AP024169.1|1429389|1436782	NZ_AP024169.1|1429389|1436782
NZ_NFLT01000005.1|89841|93387	NZ_NFLT01000005.1|89841|93387
NZ_BAAACI010000001.1|1106876|1113716	NZ_BAAACI010000001.1|1106876|1113716
NZ_AP027090.1|2744869|2751367	NZ_AP027090.1|2744869|2751367
NZ_JAMOFV010000006.1|2229295|2236204	NZ_JAMOFV010000006.1|2229295|2236204
NZ_JAKNTP010000001.1|476260|482163	NZ_JAKNTP010000001.1|476260|482163
NZ_JBJHZY010000001.1|1492112|1499028	NZ_JBJHZY010000001.1|1492112|1499028
NZ_UYZZ01000002.1|278796|285916	NZ_UYZZ01000002.1|278796|285916
NZ_SUMG01000014.1|9601|16102	NZ_SUMG01000014.1|9601|16102
NZ_JAAMNH020000001.1|3037592|3044519	NZ_JAAMNH020000001.1|3037592|3044519
NZ_UOGO01000001.1|466703|471070	NZ_UOGO01000001.1|466703|471070
NZ_JADKNH010000006.1|234915|238987	NZ_JADKNH010000006.1|234915|238987
NC_013921.1|1062800|1070115	NC_013921.1|1062800|1070115
NZ_FOHU01000001.1|430838|438363	NZ_FOHU01000001.1|430838|438363
NZ_FOYZ01000003.1|254875|261928	NZ_FOYZ01000003.1|254875|261928
NZ_CP159485.1|2060242|2072285	NZ_CP159485.1|2060242|2072285
NZ_WJBB01000011.1|83651|87827	NZ_WJBB01000011.1|83651|87827
NZ_CABMKM010000004.1|597219|602040	NZ_CABMKM010000004.1|597219|602040
NZ_CP059378.1|3021408|3028355	NZ_CP059378.1|3021408|3028355
NZ_CP060096.1|1523722|1530520	NZ_CP060096.1|1523722|1530520
NZ_NFIR01000007.1|2643|8839	NZ_NFIR01000007.1|2643|8839
NZ_FQTU01000001.1|17797|24171	NZ_FQTU01000001.1|17797|24171
NZ_CP033580.1|1708583|1715921	NZ_CP033580.1|1708583|1715921
NZ_CP063965.1|1604868|1611719	NZ_CP063965.1|1604868|1611719
NZ_QWGJ01000001.1|164525|169504	NZ_QWGJ01000001.1|164525|169504
NC_021182.1|2343622|2350770	NC_021182.1|2343622|2350770
NZ_JBHEVC010000002.1|243754|247603	NZ_JBHEVC010000002.1|243754|247603
NZ_QWEK01000015.1|70643|75922	NZ_QWEK01000015.1|70643|75922
NZ_CP009933.1|5274197|5281298	NZ_CP009933.1|5274197|5281298
NZ_CP009933.1|5274197|5281298	NZ_CP020953.1|4661853|4668955
NZ_NPML01000007.1|276848|289721	NZ_NPML01000007.1|276848|289721
NZ_FMJL01000002.1|121864|128823	NZ_FMJL01000002.1|121864|128823
NZ_FRCP01000014.1|143099|157240	NZ_FRCP01000014.1|143099|157240
NZ_CAXSLG010000003.1|94099|98820	NZ_CAXSLG010000003.1|94099|98820
NZ_CP172402.1|1941132|1947968	NZ_CP172402.1|1941132|1947968
NZ_CP035280.1|852019|858861	NZ_CP035280.1|852019|858861
NZ_JAHLDR010000001.1|341034|347932	NZ_JAHLDR010000001.1|341034|347932
NZ_CP130060.1|1443505|1448395	NZ_CP130060.1|1443505|1448395
NZ_JAHLQF010000003.1|585648|592647	NZ_JAHLQF010000003.1|585648|592647
NZ_VTPS01000001.1|192333|198746	NZ_VTPS01000001.1|192333|198746
NZ_MJIF01000001.1|852508|861039	NZ_MJIF01000001.1|852508|861039
NZ_HF952018.1|1188858|1196543	NZ_HF952018.1|1188858|1196543
NZ_AP031606.1|2267634|2274793	NZ_AP031606.1|2267634|2274793
NZ_LOEE01000019.1|10127|27962	NZ_LOEE01000019.1|10127|27962
NZ_QXXA01000009.1|103458|110782	NZ_QXXA01000009.1|103458|110782
NZ_JACGAG010000005.1|52396|59273	NZ_JACGAG010000005.1|52396|59273
NZ_JAAGPU010000003.1|70115|77211	NZ_JAAGPU010000003.1|70115|77211
NZ_CP017269.1|5667731|5675251	NZ_CP017269.1|5667731|5675251
NC_009922.1|1819041|1824364	NC_009922.1|1819041|1824364
NZ_JH590863.1|529465|534352	NZ_JH590863.1|529465|534352
NZ_CP011803.1|3836069|3843170	NZ_CP011803.1|3836069|3843170
NZ_JAODOO010000009.1|15840|23008	NZ_JAODOO010000009.1|15840|23008
NZ_VUMO01000001.1|187882|192110	NZ_VUMO01000001.1|187882|192110
NC_014393.1|2478181|2485341	NC_014393.1|2478181|2485341
NZ_CP077615.1|3153518|3160416	NZ_CP077615.1|3153518|3160416
NZ_FMMP01000006.1|335959|339737	NZ_FMMP01000006.1|335959|339737
NZ_JAPQFJ010000007.1|14206|21085	NZ_JAPQFJ010000007.1|14206|21085
NZ_LR131147.1|33944|44374	NZ_LR131147.1|33944|44374
NZ_OEQH01000003.1|382810|387853	NZ_OEQH01000003.1|382810|387853
NZ_FRAD01000012.1|56834|63848	NZ_FRAD01000012.1|56834|63848
NZ_FNUK01000016.1|38597|45023	NZ_FNUK01000016.1|38597|45023
NZ_QUEH01000004.1|36281|40970	NZ_QUEH01000004.1|36281|40970
NZ_LAYJ01000101.1|74273|85561	NZ_LAYJ01000101.1|74273|85561
NZ_JAIRAZ010000035.1|5574|12485	NZ_JAIRAZ010000035.1|5574|12485
NZ_FXUF01000003.1|335385|342395	NZ_FXUF01000003.1|335385|342395
NZ_JADYTU010000007.1|64822|69927	NZ_JADYTU010000007.1|64822|69927
NZ_VULX01000001.1|5530|12427	NZ_VULX01000001.1|5530|12427
NZ_LFVU01000027.1|16188|24634	NZ_LFVU01000027.1|16188|24634
NZ_JABBNI010000001.1|112638|119768	NZ_JABBNI010000001.1|112638|119768
NZ_FKLA01000009.1|1860069|1864784	NZ_FKLA01000009.1|1860069|1864784
NZ_QUIK01000001.1|111367|116056	NZ_QUIK01000001.1|111367|116056
NZ_JBCLMT010000008.1|84340|89468	NZ_JBCLMT010000008.1|84340|89468
NZ_FQVH01000002.1|52368|59136	NZ_FQVH01000002.1|52368|59136
NZ_BQNK01000001.1|1171698|1176472	NZ_BQNK01000001.1|1171698|1176472
NZ_UFWX01000001.1|3451796|3458909	NZ_UFWX01000001.1|3451796|3458909
NZ_CP102254.1|995137|1003100	NZ_CP102254.1|995137|1003100
NZ_JADKQA010000001.1|73899|79039	NZ_JADKQA010000001.1|73899|79039
NZ_CP021850.1|1708363|1718559	NZ_CP021850.1|1708363|1718559
NZ_JACTOJ010000010.1|177457|184398	NZ_JACTOJ010000010.1|177457|184398
NZ_JAHLOD010000004.1|52005|58958	NZ_JAHLOD010000004.1|52005|58958
NZ_CP029487.1|3965628|3969857	NZ_CP029487.1|3965628|3969857
NZ_FNFP01000002.1|447264|454799	NZ_FNFP01000002.1|447264|454799
NZ_JAIZZK010000001.1|402723|409734	NZ_JAIZZK010000001.1|402723|409734
NZ_JAKNJB010000022.1|33771|38756	NZ_JAKNJB010000022.1|33771|38756
NZ_JACSNR010000007.1|10408|15196	NZ_JACSNR010000007.1|10408|15196
NZ_LT906662.1|67391|74775	NZ_LT906662.1|67391|74775
NZ_CP127161.1|2343315|2350915	NZ_CP127161.1|2343315|2350915
NZ_CABKRL010000001.1|762142|769229	NZ_CABKRL010000001.1|762142|769229
NZ_CAXVJR010000007.1|17307|23009	NZ_CAXVJR010000007.1|17307|23009
NZ_CP097810.1|1403399|1406973	NZ_CP097810.1|1403399|1406973
NZ_JACOPP010000002.1|150540|156233	NZ_JACOPP010000002.1|150540|156233
NZ_JAVDDS010000034.1|24117|28632	NZ_JAVDDS010000034.1|24117|28632
NZ_JASGBQ010000003.1|141095|145805	NZ_JASGBQ010000003.1|141095|145805
NZ_WSLF01000005.1|52913|62411	NZ_WSLF01000005.1|52913|62411
NZ_BAABYN010000001.1|2990958|2997730	NZ_BAABYN010000001.1|2990958|2997730
NZ_JAJNOR010000002.1|153100|157808	NZ_JAJNOR010000002.1|153100|157808
NZ_CYUJ01000002.1|774042|778018	NZ_CYUJ01000002.1|774042|778018
NC_016627.1|2438093|2442626	NC_016627.1|2438093|2442626
NZ_JAPCKJ010000001.1|943545|950043	NZ_JAPCKJ010000001.1|943545|950043
NZ_JAGE01000001.1|3481938|3489673	NZ_JAGE01000001.1|3481938|3489673
NZ_CANCWE010000007.1|108408|115488	NZ_CANCWE010000007.1|108408|115488
NZ_LOHE01000068.1|83310|94359	NZ_LOHE01000068.1|83310|94359
NZ_LR026983.1|86904|99548	NZ_LR026983.1|86904|99548
NZ_LR590481.1|1927707|1934626	NZ_LR590481.1|1927707|1934626
NZ_LGTC01000001.1|793876|802891	NZ_LGTC01000001.1|793876|802891
NZ_LN876587.1|888084|895588	NZ_LN876587.1|888084|895588
NZ_CABKWO010000005.1|1115118|1121623	NZ_CABKWO010000005.1|1115118|1121623
NZ_JADNAX010000004.1|43127|48999	NZ_JADNAX010000004.1|43127|48999
NC_010320.1|1489000|1496313	NC_010320.1|1489000|1496313
NZ_AP028654.1|1680101|1687185	NZ_AP028654.1|1680101|1687185
NZ_JAESWA010000017.1|358691|365547	NZ_JAESWA010000017.1|358691|365547
NZ_JAIZZN010000004.1|51348|58309	NZ_JAIZZN010000004.1|51348|58309
NZ_UYZY01000004.1|500078|504846	NZ_UYZY01000004.1|500078|504846
NZ_JAABNO010000002.1|329523|336327	NZ_JAABNO010000002.1|329523|336327
NZ_JAGGLM010000005.1|67276|74140	NZ_JAGGLM010000005.1|67276|74140
NZ_JAMSKT010000006.1|93110|99976	NZ_JAMSKT010000006.1|93110|99976
NZ_JAESWC010000002.1|394124|401012	NZ_JAESWC010000002.1|394124|401012
NZ_CP008713.1|935676|944256	NZ_CP008713.1|935676|944256
NZ_LHUR01000011.1|217544|224381	NZ_LHUR01000011.1|217544|224381
NZ_JANQBQ010000001.1|1921014|1927465	NZ_JANQBQ010000001.1|1921014|1927465
NZ_CP009687.1|1790986|1798651	NZ_CP009687.1|1790986|1798651
NZ_NIBG01000001.1|41832|53998	NZ_NIBG01000001.1|41832|53998
NZ_CDAA01000001.1|3201789|3208239	NZ_CDAA01000001.1|3201789|3208239
NZ_CP076620.1|1533043|1539918	NZ_CP076620.1|1533043|1539918
NZ_CP030018.1|880843|888029	NZ_CP030018.1|880843|888029
NZ_JJMM01000005.1|106595|113442	NZ_JJMM01000005.1|106595|113442
NZ_FNID01000019.1|22066|26967	NZ_FNID01000019.1|22066|26967
NZ_CP086237.1|4457509|4464406	NZ_CP086237.1|4457509|4464406
NZ_CP017603.1|3131768|3139393	NZ_CP017603.1|3131768|3139393
NZ_CP020991.1|2608359|2614848	NZ_CP020991.1|2608359|2614848
NZ_OAOF01000003.1|401679|406404	NZ_OAOF01000003.1|401679|406404
NZ_BBCG01000019.1|17619|21498	NZ_BBCG01000019.1|17619|21498
NZ_HG917868.1|2207496|2214792	NZ_HG917868.1|2207496|2214792
NZ_JAYWSY010000001.1|1115074|1121948	NZ_JAYWSY010000001.1|1115074|1121948
NZ_CP058559.1|2764530|2783262	NZ_CP058559.1|2764530|2783262
NC_015520.1|958049|963860	NC_015520.1|958049|963860
NZ_NFGZ01000003.1|187252|195884	NZ_NFGZ01000003.1|187252|195884
NZ_NFMA01000005.1|42489|47389	NZ_NFMA01000005.1|42489|47389
NZ_CP086243.1|3602755|3609653	NZ_CP086243.1|3602755|3609653
NZ_JADNRK010000002.1|194572|200903	NZ_JADNRK010000002.1|194572|200903
NZ_SLWV01000001.1|74935|82410	NZ_SLWV01000001.1|74935|82410
NZ_JAPQES010000002.1|172808|179713	NZ_JAPQES010000002.1|172808|179713
NZ_JAUSTO010000001.1|44279|49201	NZ_JAUSTO010000001.1|44279|49201
NZ_UFWZ01000001.1|1897407|1904322	NZ_UFWZ01000001.1|1897407|1904322
NZ_CP175761.1|1358981|1365749	NZ_CP175761.1|1358981|1365749
NC_016791.1|1824207|1831968	NC_016791.1|1824207|1831968
NZ_JBFDTP010000002.1|327400|332131	NZ_JBFDTP010000002.1|327400|332131
NZ_LKHP01000003.1|230762|237237	NZ_LKHP01000003.1|230762|237237
NZ_JPMD01000035.1|79334|86173	NZ_JPMD01000035.1|79334|86173
NZ_QUGI01000004.1|219475|223260	NZ_QUGI01000004.1|219475|223260
NZ_CP029758.2|3636554|3643493	NZ_CP029758.2|3636554|3643493
NC_017992.1|1754451|1761295	NC_017992.1|1754451|1761295
NZ_JAAMNI020000001.1|3186022|3192951	NZ_JAAMNI020000001.1|3186022|3192951
NZ_AMQH01000006.1|374098|381023	NZ_AMQH01000006.1|374098|381023
NZ_JACRTD010000001.1|381595|386304	NZ_JACRTD010000001.1|381595|386304
NZ_QSCM01000004.1|152537|166007	NZ_QSCM01000004.1|152537|166007
NZ_SMAL01000001.1|69685|76900	NZ_SMAL01000001.1|69685|76900
NZ_CP014673.1|2436850|2440592	NZ_CP014673.1|2436850|2440592
NZ_JACRSY010000008.1|52363|56011	NZ_JACRSY010000008.1|52363|56011
NZ_JAHHUY010000004.1|55478|62338	NZ_JAHHUY010000004.1|55478|62338
NZ_FYDE01000005.1|1921899|1926615	NZ_FYDE01000005.1|1921899|1926615
NZ_CP058649.1|3813728|3822702	NZ_CP058649.1|3813728|3822702
NZ_CP163137.1|2233373|2237871	NZ_CP163137.1|2233373|2237871
NZ_CP121687.1|1183830|1193135	NZ_CP121687.1|1183830|1193135
NZ_MJIG01000003.1|270072|276885	NZ_MJIG01000003.1|270072|276885
NZ_CP183811.1|277728|283428	NZ_CP183811.1|277728|283428
NZ_LXFF01000014.1|17686|24127	NZ_LXFF01000014.1|17686|24127
NZ_WJBC01000033.1|189|3560	NZ_WJBC01000033.1|189|3560
NC_016894.1|1518938|1523141	NC_016894.1|1518938|1523141
NZ_CP033465.1|2012668|2019681	NZ_CP033465.1|2012668|2019681
NZ_SOAZ01000034.1|963|7442	NZ_SOAZ01000034.1|963|7442
NZ_BRPJ01000046.1|21986|26755	NZ_BRPJ01000046.1|21986|26755
NZ_NFMB01000007.1|234144|244427	NZ_NFMB01000007.1|234144|244427
NZ_CABLCB010000083.1|376970|383904	NZ_CABLCB010000083.1|376970|383904
NZ_BMBA01000001.1|1204039|1210812	NZ_BMBA01000001.1|1204039|1210812
NZ_CP040924.1|1662210|1669073	NZ_CP040924.1|1662210|1669073
NZ_LR215983.1|3000408|3004636	NZ_LR215983.1|3000408|3004636
NZ_CP078093.1|2373194|2380631	NZ_CP078093.1|2373194|2380631
NZ_JACHEN010000004.1|71403|78943	NZ_JACHEN010000004.1|71403|78943
NZ_CP124295.1|3110819|3116521	NZ_CP124295.1|3110819|3116521
NZ_JBBEWN010000003.1|38915|42629	NZ_JBBEWN010000003.1|38915|42629
NZ_CALPCP010000015.1|57560|64144	NZ_CALPCP010000015.1|57560|64144
NZ_LR130785.1|1547701|1555023	NZ_LR130785.1|1547701|1555023
NC_014328.1|3687410|3694350	NC_014328.1|3687410|3694350
NZ_BDHH01000005.1|4493|8565	NZ_BDHH01000005.1|4493|8565
NZ_CP174369.1|1554883|1559817	NZ_CP174369.1|1554883|1559817
NZ_BAABYT010000001.1|1087291|1091195	NZ_BAABYT010000001.1|1087291|1091195
NZ_JACOEA010000001.1|380998|387212	NZ_JACOEA010000001.1|380998|387212
NZ_LT962687.1|1490994|1496056	NZ_LT962687.1|1490994|1496056
NZ_LR130778.1|3074664|3081344	NZ_LR130778.1|3074664|3081344
NZ_JAEUWW010000001.1|897468|904313	NZ_JAEUWW010000001.1|897468|904313
NZ_CP121166.1|1916553|1923637	NZ_CP121166.1|1916553|1923637
NZ_CABMKD010000012.1|1599550|1605064	NZ_CABMKD010000012.1|1599550|1605064
NZ_FZOJ01000008.1|59837|67445	NZ_FZOJ01000008.1|59837|67445
NZ_FUYD01000002.1|164118|171057	NZ_FUYD01000002.1|164118|171057
NZ_JNLN01000001.1|2869229|2876146	NZ_JNLN01000001.1|2869229|2876146
NZ_CP131467.1|5560723|5567835	NZ_CP131467.1|5560723|5567835
NZ_JAGGLT010000024.1|25540|32384	NZ_JAGGLT010000024.1|25540|32384
NZ_JAGGLT010000024.1|25540|32384	NZ_CP130558.2|2952098|2958942
NZ_CANOOQ010000001.1|853203|858025	NZ_CANOOQ010000001.1|853203|858025
NZ_CP020473.1|1396623|1403563	NZ_CP020473.1|1396623|1403563
NZ_AAXG02000012.1|158844|168475	NZ_AAXG02000012.1|158844|168475
NZ_FRAI01000005.1|531713|544077	NZ_FRAI01000005.1|531713|544077
NZ_PKUU01000024.1|78222|82920	NZ_PKUU01000024.1|78222|82920
NZ_JBJHZZ010000006.1|61203|68106	NZ_JBJHZZ010000006.1|61203|68106
NZ_RXYA01000011.1|77829|82005	NZ_RXYA01000011.1|77829|82005
NZ_CP101637.1|2474865|2480566	NZ_CP101637.1|2474865|2480566
NZ_CP117523.1|3666488|3672189	NZ_CP117523.1|3666488|3672189
NZ_JAAEEH010000017.1|18011|24380	NZ_JAAEEH010000017.1|18011|24380
NZ_JQMW01000009.1|1092500|1097146	NZ_JQMW01000009.1|1092500|1097146
NZ_CP085988.1|3385708|3390627	NZ_CP085988.1|3385708|3390627
NZ_JAENHN010000006.1|91271|98052	NZ_JAENHN010000006.1|91271|98052
NZ_JBJIAA010000012.1|93381|100556	NZ_JBJIAA010000012.1|93381|100556
NZ_CP096988.1|220311|227472	NZ_CP096988.1|220311|227472
NC_015555.1|1478767|1489465	NC_015555.1|1478767|1489465
NZ_CP032416.1|963495|970397	NZ_CP032416.1|963495|970397
NZ_FRAG01000001.1|202026|206243	NZ_FRAG01000001.1|202026|206243
NZ_JHVC01000018.1|3567|10697	NZ_JHVC01000018.1|3567|10697
NZ_JBHEVB010000002.1|8989|13786	NZ_JBHEVB010000002.1|8989|13786
NZ_JAUSWN010000010.1|84127|91045	NZ_JAUSWN010000010.1|84127|91045
NZ_JAUONW010000040.1|96324|102794	NZ_JAUONW010000040.1|96324|102794
NZ_CAXTPD010000001.1|156445|161134	NZ_CAXTPD010000001.1|156445|161134
NZ_JADNOJ010000005.1|105646|118296	NZ_JADNOJ010000005.1|105646|118296
NZ_CABKTN010000007.1|926950|933826	NZ_CABKTN010000007.1|926950|933826
NZ_JBGEWD010000007.1|111304|118377	NZ_JBGEWD010000007.1|111304|118377
NZ_CP126462.1|1779989|1787472	NZ_CP126462.1|1779989|1787472
NZ_LTBB01000001.1|43308|50138	NZ_LTBB01000001.1|43308|50138
NZ_JAPNNV010000006.1|22582|29035	NZ_JAPNNV010000006.1|22582|29035
NZ_CP061336.1|2630867|2639200	NZ_CP061336.1|2630867|2639200
NZ_JACRTJ010000005.1|128370|133176	NZ_JACRTJ010000005.1|128370|133176
NZ_LT629850.1|151085|159770	NZ_LT629850.1|151085|159770
NZ_CP132338.1|911060|915054	NZ_CP132338.1|911060|915054
NZ_CALSFS010000005.1|9921|17030	NZ_CALSFS010000005.1|9921|17030
NZ_OW235315.1|873457|881380	NZ_OW235315.1|873457|881380
NZ_CP025746.1|2193162|2199965	NZ_CP025746.1|2193162|2199965
NZ_JAFBDB010000002.1|599420|607004	NZ_JAFBDB010000002.1|599420|607004
NZ_JAGGLL010000001.1|249802|256912	NZ_JAGGLL010000001.1|249802|256912
NZ_JAHLDU010000010.1|78707|85605	NZ_JAHLDU010000010.1|78707|85605
NZ_FQZV01000003.1|26073|33619	NZ_FQZV01000003.1|26073|33619
NZ_FQZB01000003.1|39026|45792	NZ_FQZB01000003.1|39026|45792
NZ_JAJNKE010000001.1|249386|256776	NZ_JAJNKE010000001.1|249386|256776
NZ_QKMR01000014.1|19946|28092	NZ_QKMR01000014.1|19946|28092
NZ_JAEACT010000002.1|1175302|1182777	NZ_JAEACT010000002.1|1175302|1182777
NZ_BAAACF010000012.1|203399|210257	NZ_BAAACF010000012.1|203399|210257
NZ_CP058561.1|4799267|4806533	NZ_CP058561.1|4799267|4806533
NZ_JAMYJV010000003.1|516502|520316	NZ_JAMYJV010000003.1|516502|520316
NZ_CP013296.1|559239|566367	NZ_CP013296.1|559239|566367
NZ_NFLV01000003.1|187259|193346	NZ_NFLV01000003.1|187259|193346
NZ_CP060634.1|1424267|1428975	NZ_CP060634.1|1424267|1428975
NZ_LN879468.1|1056126|1062808	NZ_LN879468.1|1056126|1062808
NZ_KB911066.1|118834|123746	NZ_KB911066.1|118834|123746
NZ_WHNX01000002.1|204662|213214	NZ_WHNX01000002.1|204662|213214
NZ_JBBMFJ010000036.1|21038|25728	NZ_JBBMFJ010000036.1|21038|25728
NZ_LT629945.1|2223998|2228866	NZ_LT629945.1|2223998|2228866
NZ_JAULJF010000005.1|8513|15836	NZ_JAULJF010000005.1|8513|15836
NZ_CP077610.1|2266099|2272996	NZ_CP077610.1|2266099|2272996
NZ_JOOI01000001.1|354270|361608	NZ_JOOI01000001.1|354270|361608
NZ_LR699010.1|1921564|1927585	NZ_LR699010.1|1921564|1927585
NZ_MZGX01000020.1|10348|18459	NZ_MZGX01000020.1|10348|18459
NZ_JAPQER010000002.1|74676|81524	NZ_JAPQER010000002.1|74676|81524
NZ_AP023367.1|1231729|1239141	NZ_AP023367.1|1231729|1239141
NZ_JADKZI010000002.1|453444|463563	NZ_JADKZI010000002.1|453444|463563
NZ_BROD01000001.1|1375320|1382172	NZ_BROD01000001.1|1375320|1382172
NZ_FYAM01000024.1|178274|185601	NZ_FYAM01000024.1|178274|185601
NZ_CP058648.1|2755755|2765846	NZ_CP058648.1|2755755|2765846
NZ_UAVV01000002.1|573262|580087	NZ_UAVV01000002.1|573262|580087
NZ_KK366008.1|171195|178008	NZ_KK366008.1|171195|178008
NZ_CP070235.1|2933122|2937987	NZ_CP070235.1|2933122|2937987
NZ_JAIZZY010000004.1|211523|218421	NZ_JAIZZY010000004.1|211523|218421
NZ_CP125628.1|4170539|4175303	NZ_CP125628.1|4170539|4175303
NZ_BRXR01000001.1|41553|48471	NZ_BRXR01000001.1|41553|48471
NZ_JADCKB010000015.1|13367|19215	NZ_JADCKB010000015.1|13367|19215
NZ_JAUDDJ010000002.1|5269|10063	NZ_JAUDDJ010000002.1|5269|10063
NZ_QUFI01000007.1|117308|121997	NZ_QUFI01000007.1|117308|121997
NZ_FOQA01000001.1|58995|65961	NZ_FOQA01000001.1|58995|65961
NZ_JAOQJG010000008.1|6405|13171	NZ_JAOQJG010000008.1|6405|13171
NZ_LTBA01000001.1|392461|399332	NZ_LTBA01000001.1|392461|399332
NZ_VUMT01000028.1|12560|21282	NZ_VUMT01000028.1|12560|21282
NZ_JAVKGO010000001.1|180889|188521	NZ_JAVKGO010000001.1|180889|188521
NZ_JH556651.1|121016|125484	NZ_JH556651.1|121016|125484
NZ_KK366004.1|561292|568429	NZ_KK366004.1|561292|568429
NZ_JADNJD010000003.1|38448|42292	NZ_JADNJD010000003.1|38448|42292
NZ_JASKYN010000007.1|21044|35390	NZ_JASKYN010000007.1|21044|35390
NZ_RXYD01000001.1|284140|293238	NZ_RXYD01000001.1|284140|293238
NZ_JAHLPY010000001.1|312358|320745	NZ_JAHLPY010000001.1|312358|320745
NZ_CP121164.1|891590|899555	NZ_CP121164.1|891590|899555
NC_015425.1|1172809|1179660	NC_015425.1|1172809|1179660
NZ_JACOPQ010000002.1|43199|54227	NZ_JACOPQ010000002.1|43199|54227
NZ_BAABZG010000001.1|2210184|2221081	NZ_BAABZG010000001.1|2210184|2221081
NC_011898.1|616870|624663	NC_011898.1|616870|624663
NZ_CP112872.1|2472980|2480000	NZ_CP112872.1|2472980|2480000
NZ_NEMB01000003.1|3000212|3004653	NZ_NEMB01000003.1|3000212|3004653
NZ_GL622296.1|2300111|2305124	NZ_GL622296.1|2300111|2305124
NZ_JAAOXG010000088.1|32183|36953	NZ_JAAOXG010000088.1|32183|36953
NZ_PETE01000002.1|3921230|3928539	NZ_PETE01000002.1|3921230|3928539
NZ_JANKAH010000011.1|46758|53845	NZ_JANKAH010000011.1|46758|53845
NZ_NIQC01000018.1|34582|40402	NZ_NIQC01000018.1|34582|40402
NZ_JAHLDV010000003.1|81879|88776	NZ_JAHLDV010000003.1|81879|88776
