number	hits	start	end	length	score	scaff	strand	taxon_name	taxon_id
1	WP_213237584.1,WP_213237585.1,WP_213237586.1,WP_213237588.1,WP_213237589.1,WP_246543106.1,WP_246543107.1	43636	50752	6570	14999	NZ_JAHBCL010000024.1	+	GCF_018390735.1	76009
2	WP_204663293.1,WP_204663295.1,WP_204663297.1,WP_204663299.1,WP_204663303.1,WP_207754690.1,WP_204663305.1	77753	84673	6486	12821	NZ_JAFBDT010000006.1	-	GCF_016908355.1	1008308
3	WP_281092935.1,WP_281092936.1,WP_281092937.1,WP_281092938.1,WP_281092940.1,WP_281092941.1,WP_281092942.1	646386	653452	6507	12734	NZ_JARYZI010000001.1	-	GCF_029914245.1	1488331
4	WP_242866795.1,WP_066502742.1,WP_066502745.1,WP_066502755.1,WP_066502757.1,WP_066502764.1,WP_066502766.1	83311	94359	7503	12085	NZ_LOHE01000068.1	+	GCF_001559865.1	1766203
5	WP_068554821.1,WP_068554823.1,WP_068554824.1,WP_068554827.1,WP_068554841.1,WP_068554843.1,WP_068554849.1	10128	27962	6447	12042	NZ_LOEE01000019.1	-	GCF_001562415.1	520762
6	WP_338534790.1,WP_338534791.1,WP_463671014.1,WP_338534793.1,WP_338534796.1,WP_338534797.1	1680102	1687185	6225	11792	NZ_AP028654.1	-	GCF_033097505.1	3065157
7	WP_148809219.1,WP_148809220.1,WP_148809224.1,WP_148809225.1,WP_168198267.1,WP_168198268.1	1379749	1387241	6153	11775	NZ_CP042243.1	+	GCF_008152325.1	2599308
8	WP_139380309.1,WP_139380310.1,WP_079491881.1,WP_079491883.1,WP_079491888.1,WP_079491890.1	261103	268639	6177	11748	NZ_FUZT01000005.1	-	GCF_900167445.1	36842
9	WP_284552262.1,WP_284553628.1,WP_284552264.1,WP_284552265.1,WP_284552266.1,WP_284552267.1	1779990	1787472	6138	11693	NZ_CP126462.1	+	GCF_030166575.1	166485
10	WP_243116516.1,WP_243116517.1,WP_132241557.1,WP_132241559.1,WP_132241567.1,WP_132241569.1	74936	82410	6150	11662	NZ_SLWV01000001.1	-	GCF_004345705.1	2018667
11	WP_218282625.1,WP_218282626.1,WP_218282630.1,WP_218282631.1,WP_218282632.1,WP_218282633.1	2373195	2380631	6144	11643	NZ_CP078093.1	+	GCF_019203185.1	2855394
12	WP_069981124.1,WP_069981125.1,WP_069981129.1,WP_069981130.1,WP_069981131.1,WP_069981132.1	5667732	5675251	6153	11615	NZ_CP017269.1	+	GCF_001750685.1	1424294
13	WP_184308595.1,WP_184308597.1,WP_184308598.1,WP_184308600.1,WP_184308608.1,WP_184308610.1	71404	78943	6159	11599	NZ_JACHEN010000004.1	-	GCF_014205875.1	1417629
14	WP_053957010.1,WP_053957011.1,WP_053957014.1,WP_053957015.1,WP_053957016.1,WP_053957017.1	888085	895588	6150	11595	NZ_LN876587.1	+	GCF_001282725.1	1658111
15	WP_110939353.1,WP_110939354.1,WP_110939357.1,WP_110939358.1,WP_190013991.1,WP_190013993.1	26074	33619	6153	11575	NZ_FQZV01000003.1	+	GCF_900142145.1	1121919
16	WP_095129769.1,WP_095129771.1,WP_095129784.1,WP_095129786.1,WP_095129788.1,WP_095129790.1	41833	53998	6138	11490	NZ_NIBG01000001.1	+	GCF_002270055.1	1478221
17	WP_243118975.1,WP_243118976.1,WP_129488377.1,WP_129488378.1,WP_129488381.1,WP_129488382.1	460179	466992	6204	11418	NZ_JALNQL010000002.1	-	GCF_023161605.1	2929473
18	WP_070969417.1,WP_070969420.1,WP_156778815.1,WP_070969435.1,WP_070969438.1,WP_070969440.1	3131769	3139393	6132	11318	NZ_CP017603.1	+	GCF_001854185.1	1497
19	WP_044823896.1,WP_044823897.1,WP_144414747.1,WP_044823901.1,WP_044823902.1,WP_044823903.1	1790987	1798651	6132	11310	NZ_CP009687.1	+	GCF_001042715.1	84022
20	WP_026475750.1,WP_026475751.1,WP_026475754.1,WP_026475755.1,WP_026475756.1,WP_026475757.1	58893	66471	6162	11304	NZ_JHYF01000001.1	+	GCF_000621485.1	1408422
21	WP_176762097.1,WP_176762098.1,WP_090553069.1,WP_090553072.1,WP_090553291.1,WP_090553292.1	447265	454799	6126	11295	NZ_FNFP01000002.1	-	GCF_900100845.1	393762
22	WP_242975093.1,WP_242975094.1,WP_089282737.1,WP_089282738.1,WP_089282742.1,WP_089282867.1	59838	67445	6141	11287	NZ_FZOJ01000008.1	-	GCF_900188145.1	312168
23	WP_248483119.1,WP_248484755.1,WP_248483126.1,WP_248483128.1,WP_248483130.1,WP_248483132.1	873458	881380	6135	11263	NZ_OW235315.1	+	GCF_934924865.1	2925782
24	WP_201750473.1,WP_201750474.1,WP_160197407.1,WP_201750475.1,WP_130807380.1,WP_160197411.1	103459	110782	6129	11260	NZ_QXXA01000009.1	-	GCF_009911265.1	1720316
25	WP_277731181.1,WP_277731182.1,WP_277731183.1,WP_277731184.1,WP_277731188.1,WP_277731190.1	2709789	2717652	6135	11242	NZ_CP120733.1	-	GCF_029542625.1	3036126
26	WP_038262666.1,WP_038262668.1,WP_038262674.1,WP_038262676.1,WP_038262679.1,WP_038262681.1	106596	113442	6132	11225	NZ_JJMM01000005.1	+	GCF_000699585.2	1121324
27	WP_340258507.1,WP_340258511.1,WP_340258519.1,WP_340258521.1,WP_340258523.1,WP_340258524.1	17164	24993	6135	11213	NZ_JBBMMD010000047.1	+	GCF_037844525.1	3134138
28	WP_244272603.1,WP_170834638.1,WP_090438606.1,WP_090438609.1,WP_090438960.1,WP_090438621.1	430839	438363	6126	11213	NZ_FOHU01000001.1	-	GCF_900111615.1	426128
29	WP_130806757.1,WP_130807380.1,WP_130806765.1,WP_130806767.1,WP_207289668.1,WP_207289670.1	1547702	1555023	6135	11174	NZ_LR130785.1	+	GCF_900626135.1	1720316
30	WP_285621364.1,WP_285621369.1,WP_285621379.1,WP_285621382.1,WP_285621384.1,WP_285621387.1	2343316	2350915	6147	11145	NZ_CP127161.1	+	GCF_030263895.1	3050072
31	WP_099187761.1,WP_099187765.1,WP_099187773.1,WP_099187775.1,WP_187296191.1,WP_187296192.1	57404	65369	6135	11144	NZ_BDQY01000002.1	+	GCF_002724055.1	655607
32	WP_310477383.1,WP_310477384.1,WP_310477392.1,WP_310477393.1,WP_310477394.1,WP_310477395.1	180890	188521	6153	11128	NZ_JAVKGO010000001.1	+	GCF_031432315.1	3074076
33	WP_091730742.1,WP_091730744.1,WP_176967945.1,WP_091730753.1,WP_091730756.1,WP_091730759.1	24382	31911	6153	11084	NZ_FNQE01000022.1	+	GCF_900107485.1	415015
34	WP_012995081.1,WP_012995082.1,WP_012995086.1,WP_012995087.1,WP_012995088.1,WP_012995089.1	1062801	1070115	6249	10952	NC_013921.1	+	GCF_000025645.1	580331
35	WP_018662310.1,WP_018662312.1,WP_018662316.1,WP_018662318.1,WP_018662324.1,WP_018662326.1	1188859	1196543	6126	10943	NZ_HF952018.1	-	GCF_000430995.1	941824
36	WP_009052290.1,WP_009052291.1,WP_009052294.1,WP_003868512.1,WP_003868511.1,WP_003868510.1	1489001	1496313	6246	10924	NC_010320.1	+	GCF_000019065.1	399726
37	WP_003869759.1,WP_003869760.1,WP_003869764.1,WP_004401822.1,WP_003869766.1,WP_003869767.1	1708584	1715921	6249	10905	NZ_CP033580.1	+	GCF_003722315.1	509192
38	WP_042832886.1,WP_042832887.1,WP_042832889.1,WP_042832890.1,WP_042832891.1,WP_042832892.1	354271	361608	6249	10845	NZ_JOOI01000001.1	+	GCF_000806225.2	1511746
39	WP_049685080.1,WP_049685082.1,WP_049685085.1,WP_049685086.1,WP_049685087.1,WP_049685088.1	965803	976068	6246	10836	NZ_OZ223661.1	+	GCF_965140945.1	2325
40	WP_011025517.1,WP_349121687.1,WP_349121689.1,WP_349121690.1,WP_011025523.1,WP_009610924.1	8514	15836	6267	10835	NZ_JAULJF010000005.1	+	GCF_040088595.1	3055846
41	WP_096230110.1,WP_172856607.1,WP_096230112.1,WP_096230113.1,WP_096230117.1,WP_096230118.1	67392	74775	6249	10773	NZ_LT906662.1	-	GCF_900205865.1	1550240
42	WP_013298040.1,WP_013298039.1,WP_015311723.1,WP_015311722.1,WP_174664681.1,WP_094046069.1	2576894	2584228	6213	10748	NZ_CP016893.1	+	GCF_002250075.1	1517
43	WP_129597564.1,WP_129597566.1,WP_129597574.1,WP_165000348.1,WP_165000349.1	4792	11755	5613	10686	NZ_RYYS01000042.1	+	GCF_004138215.1	2498136
44	WP_236660353.1,WP_236660354.1,WP_160722040.1,WP_160722042.1,WP_160722044.1,WP_160722046.1	9602	16102	6177	10680	NZ_SUMG01000014.1	-	GCF_009910325.1	2565777
45	WP_093368557.1,WP_093368559.1,WP_093368563.1,WP_093368564.1,WP_093368566.1,WP_093368567.1	58996	65961	6156	10674	NZ_FOQA01000001.1	+	GCF_900113635.1	69895
46	WP_283408594.1,WP_283408595.1,WP_283408596.1,WP_283408597.1,WP_283408599.1,WP_283408600.1	335386	342395	6189	10659	NZ_FXUF01000003.1	-	GCF_900182905.1	489973
47	WP_343184603.1,WP_343184604.1,WP_343184606.1,WP_343184607.1,WP_343184608.1,WP_343184609.1	8556	15564	6189	10609	NZ_JBCITM010000002.1	+	GCF_039414295.1	210623
48	WP_243098135.1,WP_243098136.1,WP_132847128.1,WP_132847134.1,WP_132847135.1	2755756	2765846	5625	10448	NZ_CP058648.1	-	GCF_018141405.1	1734049
49	WP_024833988.1,WP_024833989.1,WP_024833992.1,WP_024833993.1,WP_024833994.1,WP_024833995.1	3481939	3489673	6300	10431	NZ_JAGE01000001.1	+	GCF_000526495.1	1291050
50	WP_015924084.1,WP_015924085.1,WP_015924088.1,WP_015924089.1,WP_015924090.1,WP_015924091.1	616871	624663	6300	10429	NC_011898.1	+	GCF_000022065.1	394503
51	WP_004621756.1,WP_004621757.1,WP_004621761.1,WP_004621762.1,WP_004621763.1,WP_004621764.1	1795576	1803326	6300	10429	NZ_CP119677.1	+	GCF_029318685.1	588581
52	WP_137695922.1,WP_137695921.1,WP_137695920.1,WP_137695919.1,WP_137695916.1,WP_137695915.1	2630868	2639200	6312	10406	NZ_CP061336.1	-	GCF_005473905.2	2488810
53	WP_014313162.1,WP_014313163.1,WP_014313166.1,WP_014313167.1,WP_014313168.1,WP_014313169.1	1824208	1831968	6300	10399	NC_016791.1	+	GCF_000244875.1	755731
54	WP_110462416.1,WP_110462417.1,WP_110462420.1,WP_110462421.1,WP_110462422.1,WP_110462423.1	19947	28092	6300	10370	NZ_QKMR01000014.1	+	GCF_003208175.1	1121337
55	WP_027628016.1,WP_027628017.1,WP_004625750.1,WP_027628018.1,WP_004625727.1,WP_027628019.1	183433	191372	6324	10353	NZ_JHYD01000009.1	-	GCF_000621505.1	1121303
56	WP_080065342.1,WP_080065343.1,WP_080065347.1,WP_080065348.1,WP_080065349.1,WP_080065350.1	10349	18459	6327	10343	NZ_MZGX01000020.1	+	GCF_002051585.1	48256
57	WP_431602526.1,WP_020813991.1,WP_020813994.1,WP_020813995.1,WP_020813996.1,WP_020813997.1	6298	14002	6243	10281	NZ_ATAY01000011.1	+	GCF_000421965.1	1330534
58	WP_087677715.1,WP_087677716.1,WP_087677903.1,WP_087677720.1,WP_087677721.1	267188	274389	5634	10226	NZ_FUWV01000001.1	-	GCF_900167305.1	1121911
59	WP_008909935.1,WP_303527806.1,WP_303527812.1,WP_303527814.1,WP_303527862.1	96325	102794	5604	10167	NZ_JAUONW010000040.1	+	GCF_030546345.1	3062777
60	WP_113919773.1,WP_113919774.1,WP_113919775.1,WP_113919780.1,WP_113919781.1	284141	293238	5643	10137	NZ_RXYD01000001.1	-	GCF_008086585.1	645887
61	WP_353892616.1,WP_353892617.1,WP_353892621.1,WP_353892623.1,WP_353892630.1,WP_353892631.1	2060243	2072285	6138	10126	NZ_CP159485.1	-	GCF_040515995.1	1826727
62	WP_057977500.1,WP_057977440.1,WP_278287114.1,WP_057977446.1,WP_057977504.1	230763	237237	5610	10101	NZ_LKHP01000003.1	+	GCF_001440545.1	908809
63	WP_103896299.1,WP_103896300.1,WP_103896301.1,WP_103896304.1,WP_103896305.1	38598	45023	5616	10096	NZ_FNUK01000016.1	-	GCF_900108045.1	29344
64	WP_213166134.1,WP_213166135.1,WP_213166145.1,WP_213166147.1,WP_213166151.1,WP_213166152.1	2764531	2783262	6162	10057	NZ_CP058559.1	+	GCF_014467015.1	2731377
65	WP_350344427.1,WP_350344428.1,WP_350344434.1,WP_350344436.1,WP_350344440.1,WP_350344441.1	851769	863553	6150	10046	NZ_CP158367.1	+	GCF_040267685.1	1260629
66	WP_284679407.1,WP_284679408.1,WP_284679409.1,WP_284681092.1,WP_284679413.1	1523723	1530520	5685	10005	NZ_CP060096.1	-	GCF_017357865.1	2755338
67	WP_073341347.1,WP_200792732.1,WP_073341351.1,WP_073341352.1,WP_073341353.1	52369	59136	5628	9971	NZ_FQVH01000002.1	+	GCF_900129075.1	1121256
68	WP_138981010.1,WP_138978877.1,WP_138978878.1,WP_138978882.1,WP_138978883.1	616298	623137	5622	9967	NZ_CP040093.1	-	GCF_006016075.1	2576307
69	WP_048570709.1,WP_048570711.1,WP_152668156.1,WP_048570716.1,WP_152668135.1	16189	24634	5637	9963	NZ_LFVU01000027.1	+	GCF_001047375.1	1121307
70	WP_054874534.1,WP_054874535.1,WP_054874536.1,WP_054874540.1,WP_054874541.1	139088	145969	5631	9960	NZ_LKET01000028.1	-	GCF_001317355.1	36849
71	WP_078695646.1,WP_078695647.1,WP_078695651.1,WP_078695653.1,WP_078695820.1	4724	12268	5610	9938	NZ_FUYH01000004.1	+	GCF_900167605.1	1147123
72	WP_274892859.1,WP_274892860.1,WP_274892861.1,WP_274892864.1,WP_274892865.1	897469	904313	5706	9932	NZ_JAEUWW010000001.1	-	GCF_028895185.1	2742479
73	WP_209454349.1,WP_209454350.1,WP_209454353.1,WP_209454354.1,WP_209454355.1	25541	32384	5718	9922	NZ_JAGGLT010000024.1	+	GCF_017874545.1	1702242
74	WP_209454349.1,WP_209454350.1,WP_209454353.1,WP_303265738.1,WP_303265737.1	2952099	2958942	5718	9910	NZ_CP130558.2	+	GCF_030534315.2	3061989
75	WP_013788194.1,WP_013788195.1,WP_013788196.1,WP_013788201.1,WP_013788202.1	1478768	1489465	5727	9900	NC_015555.1	-	GCF_000189775.2	858215
76	WP_045412409.1,WP_045412406.1,WP_045412404.1,WP_045412399.1,WP_045412396.1	17954	24803	5706	9881	NZ_JBAIYY010000001.1	-	GCF_036763025.1	28896
77	WP_014758557.1,WP_014758558.1,WP_014758561.1,WP_014758562.1,WP_014758563.1	1754452	1761295	5706	9865	NC_017992.1	+	GCF_000307585.2	1094508
78	WP_195681906.1,WP_207740718.1,WP_195681908.1,WP_332310647.1,WP_195681912.1	194573	200903	5631	9861	NZ_JADNRK010000002.1	-	GCF_015594845.1	2787712
79	WP_073269033.1,WP_073269034.1,WP_073269037.1,WP_073269038.1,WP_073269039.1	17798	24171	5607	9827	NZ_FQTU01000001.1	+	GCF_900128885.1	1120975
80	WP_152801139.1,WP_152801141.1,WP_152801150.1,WP_152801152.1,WP_152801154.1	204663	213214	5601	9815	NZ_WHNX01000002.1	+	GCF_009362815.1	2655001
81	WP_129722608.1,WP_129722612.1,WP_129722615.1,WP_129722628.1,WP_129722631.1	115366	122370	5619	9793	NZ_RXHQ01000004.1	-	GCF_004138105.1	2496273
82	WP_036943013.1,WP_036943015.1,WP_036943024.1,WP_036943027.1,WP_036943030.1	793877	802891	5781	9657	NZ_LGTC01000001.1	+	GCF_001262605.1	398512
83	WP_021284336.1,WP_021284335.1,WP_021284334.1,WP_021284633.1,WP_021284634.1	249803	256912	5649	9645	NZ_JAGGLL010000001.1	-	GCF_017874425.1	1054297
84	WP_032121882.1,WP_032121883.1,WP_032121884.1,WP_032121888.1,WP_032121889.1	926951	933826	5652	9628	NZ_CABKTN010000007.1	-	GCF_902375375.1	1499689
85	WP_103082811.1,WP_103082812.1,WP_103082817.1,WP_103080629.1,WP_103080630.1	1708364	1718559	5772	9623	NZ_CP021850.1	+	GCF_002896855.1	84032
86	WP_074364273.1,WP_074364274.1,WP_074364278.1,WP_074364279.1,WP_074364280.1	121865	128823	5673	9622	NZ_FMJL01000002.1	+	GCF_900095445.1	1776758
87	WP_052220258.1,WP_052220259.1,WP_052220260.1,WP_052220264.1,WP_052220265.1	217545	224381	5667	9621	NZ_LHUR01000011.1	-	GCF_001263795.1	1121318
88	WP_017414646.1,WP_017414647.1,WP_017414648.1,WP_017414652.1,WP_017414653.1	374099	381023	5649	9612	NZ_AMQH01000006.1	-	GCF_000300195.1	1233099
89	WP_128748860.1,WP_128748861.1,WP_128748864.1,WP_128748865.1,WP_128748866.1	852020	858861	5664	9607	NZ_CP035280.1	+	GCF_004103695.1	2507159
90	WP_216440069.1,WP_216440070.1,WP_216440073.1,WP_216440074.1,WP_216440075.1	585649	592647	5652	9606	NZ_JAHLQF010000003.1	+	GCF_018918285.1	2841512
91	WP_066821781.1,WP_066821783.1,WP_066821786.1,WP_066821796.1,WP_066821798.1	392462	399332	5670	9606	NZ_LTBA01000001.1	-	GCF_001594005.1	1121338
92	WP_072893303.1,WP_072893306.1,WP_072893333.1,WP_072893338.1,WP_072893359.1	573263	580087	5658	9604	NZ_UAVV01000002.1	+	GCF_900461065.1	1533
93	WP_066023276.1,WP_066022611.1,WP_066022615.1,WP_066022616.1,WP_066022617.1	3921231	3928539	5673	9602	NZ_PETE01000002.1	+	GCF_002796935.1	2052574
94	WP_070110832.1,WP_070110833.1,WP_070110834.1,WP_070110838.1,WP_070110839.1	12223	19052	5670	9601	NZ_LZFO01000032.1	-	GCF_001758365.1	1121290
95	WP_250814887.1,WP_250814888.1,WP_250814889.1,WP_250814893.1,WP_250814894.1	2229296	2236204	5664	9595	NZ_JAMOFV010000006.1	-	GCF_023656515.1	1367462
96	WP_114298460.1,WP_114298461.1,WP_114298463.1,WP_114298467.1,WP_114298468.1	48305	56489	5733	9589	NZ_QPJT01000016.1	-	GCF_003337415.1	1297424
97	WP_423230442.1,WP_073004639.1,WP_073004646.1,WP_073004648.1,WP_073004650.1	696581	703347	5667	9583	NZ_FQZO01000001.1	+	GCF_900142075.1	1121298
98	WP_226258504.1,WP_226258505.1,WP_226258506.1,WP_226258509.1,WP_226258510.1	51349	58309	5667	9575	NZ_JAIZZN010000004.1	-	GCF_020443565.1	2880648
99	WP_095178102.1,WP_095178101.1,WP_095178100.1,WP_089865417.1,WP_096635026.1	453437	464182	5661	9573	NZ_OAOH01000001.1	+	GCF_900205945.1	1494
100	WP_084114699.1,WP_084114701.1,WP_084114707.1,WP_084114709.1,WP_084114711.1	161024	167882	5661	9572	NZ_FWXH01000003.1	+	GCF_900176305.1	1121291
101	WP_252131300.1,WP_252131301.1,WP_252131305.1,WP_252131306.1,WP_252131307.1	93111	99976	5667	9569	NZ_JAMSKT010000006.1	+	GCF_023806125.1	2940653
102	WP_035144204.1,WP_035144203.1,WP_035144200.1,WP_035144197.1,WP_035144196.1	3060865	3067972	5679	9569	NZ_JABSWD010000001.1	-	GCF_013294265.1	1553
103	WP_035140317.1,WP_129133437.1,WP_129009783.1,WP_115605802.1,WP_129133436.1	2267635	2274793	5661	9565	NZ_AP031606.1	-	GCF_045865195.1	1513
104	WP_204598334.1,WP_204598335.1,WP_204598338.1,WP_204598339.1,WP_204598340.1	599421	607004	5667	9565	NZ_JAFBDB010000002.1	+	GCF_016908015.1	46609
105	WP_061857004.1,WP_061857005.1,WP_061857006.1,WP_061857010.1,WP_061857011.1	43309	50138	5673	9556	NZ_LTBB01000001.1	-	GCF_001593985.1	1121305
106	WP_186430932.1,WP_186430933.1,WP_186430934.1,WP_186430936.1,WP_186430937.1	178275	185601	5664	9554	NZ_FYAM01000024.1	-	GCF_900185645.1	2003589
107	WP_251860884.1,WP_251860885.1,WP_251860886.1,WP_251860889.1,WP_251860890.1	9922	17030	5658	9551	NZ_CALSFS010000005.1	-	GCF_943736985.1	2942205
108	WP_406788414.1,WP_406788415.1,WP_406788418.1,WP_406788419.1,WP_406788420.1	93382	100556	5679	9550	NZ_JBJIAA010000012.1	+	GCF_045310695.1	1728934
109	WP_039631329.1,WP_039631331.1,WP_039631338.1,WP_039631340.1,WP_039631342.1	1737288	1744391	5661	9546	NZ_CP014176.1	+	GCF_002074155.1	29341
110	WP_212903357.1,WP_212903358.1,WP_212903361.1,WP_212903362.1,WP_212903363.1	44701	51714	5646	9545	NZ_BOPZ01000008.1	+	GCF_018332455.1	69208
111	WP_164955357.1,WP_164955358.1,WP_164955359.1,WP_164955362.1,WP_164955363.1	3037593	3044519	5640	9537	NZ_JAAMNH020000001.1	-	GCF_011065935.2	238834
112	WP_158740159.1,WP_158740161.1,WP_158740165.1,WP_158740166.1,WP_158740167.1	52914	62411	5646	9535	NZ_WSLF01000005.1	+	GCF_009765695.1	1450156
113	WP_231015194.1,WP_231015195.1,WP_231015196.1,WP_053241037.1,WP_231015198.1	249387	256776	5688	9533	NZ_JAJNKE010000001.1	-	GCF_021043395.1	1662055
114	WP_202747754.1,WP_202747755.1,WP_202747756.1,WP_202747758.1,WP_202747759.1	394125	401012	5670	9531	NZ_JAESWC010000002.1	-	GCF_016765585.1	2803861
115	WP_373898569.1,WP_373898568.1,WP_373898565.1,WP_392486478.1,WP_373898564.1	1358982	1365749	5649	9530	NZ_CP175761.1	+	GCF_041861885.3	3298609
116	WP_322502950.1,WP_322502951.1,WP_322502952.1,WP_322502954.1,WP_322502955.1	943546	950043	5673	9528	NZ_JAPCKJ010000001.1	-	GCF_034439435.1	2987530
117	WP_172556304.1,WP_172556305.1,WP_115641361.1,WP_115641364.1,WP_115641365.1	1897408	1904322	5619	9527	NZ_UFWZ01000001.1	-	GCF_900461105.1	99675
118	WP_268039893.1,WP_268039894.1,WP_268039897.1,WP_268039898.1,WP_268039899.1	74677	81524	5661	9525	NZ_JAPQER010000002.1	+	GCF_026735135.1	338193
119	WP_027625911.1,WP_027625912.1,WP_027625914.1,WP_027625915.1,WP_027625916.1	3568	10697	5673	9524	NZ_JHVC01000018.1	+	GCF_000619945.1	1410653
120	WP_341878000.1,WP_341878001.1,WP_341878002.1,WP_341878007.1,WP_341878009.1	1183831	1193135	5637	9521	NZ_CP121687.1	-	GCF_038396635.1	879970
121	WP_142412936.1,WP_142412937.1,WP_142412938.1,WP_142412941.1,WP_142412942.1	114358	121386	5661	9521	NZ_CABFVD010000001.1	-	GCF_902143515.1	1964382
122	WP_079422564.1,WP_079422508.1,WP_079422512.1,WP_079422513.1,WP_079422514.1	62285	69336	5661	9521	NZ_MZGV01000008.1	+	GCF_002029235.1	1450648
123	WP_226121619.1,WP_226121621.1,WP_226121623.1,WP_226121631.1,WP_226121633.1	402724	409734	5622	9520	NZ_JAIZZK010000001.1	-	GCF_020443705.1	198347
124	WP_191741567.1,WP_191741566.1,WP_191741565.1,WP_283591598.1,WP_191741561.1	108409	115488	5643	9516	NZ_CANCWE010000007.1	-	GCF_947381515.1	2991837
125	WP_096516592.1,WP_096516593.1,WP_060795962.1,WP_003468762.1,WP_003461896.1	2264092	2270589	5673	9513	NZ_AP017630.1	-	GCF_002355795.1	1502
126	WP_003451195.1,WP_003451081.1,WP_003451573.1,WP_003451459.1,WP_003454785.1	2744870	2751367	5673	9511	NZ_AP027090.1	-	GCF_047150065.1	37763
127	WP_072984078.1,WP_072984080.1,WP_072984082.1,WP_072984090.1,WP_072984092.1	39027	45792	5649	9510	NZ_FQZB01000003.1	-	GCF_900141845.1	1121302
128	WP_139904388.1,WP_139904389.1,WP_139904393.1,WP_139904394.1,WP_139904395.1	1662211	1669073	5691	9506	NZ_CP040924.1	+	GCF_006351925.1	1716543
129	WP_003358012.1,WP_012705585.1,WP_003357897.1,WP_003358072.1,WP_003358060.1	559240	566367	5658	9506	NZ_CP013296.1	-	GCF_001889365.1	1491
130	WP_097026043.1,WP_097026044.1,WP_097026047.1,WP_097026048.1,WP_097026049.1	60143	67674	5667	9505	NZ_OAOD01000003.1	+	GCF_900205925.1	100174
131	WP_264847889.1,WP_264847890.1,WP_264847891.1,WP_264847895.1,WP_264847896.1	41554	48471	5667	9505	NZ_BRXR01000001.1	-	GCF_026012015.1	1604902
132	WP_007062458.1,WP_007064879.1,WP_007062456.1,WP_007062452.1,WP_007062451.1	3836070	3843170	5685	9495	NZ_CP011803.1	-	GCF_001038625.1	536227
133	WP_216298356.1,WP_216298357.1,WP_216298358.1,WP_216298361.1,WP_216298362.1	134908	141822	5640	9492	NZ_JAHLEF010000008.1	-	GCF_018861755.1	2843319
134	WP_268069583.1,WP_268069584.1,WP_268069588.1,WP_268069589.1,WP_268069590.1	92185	99003	5667	9492	NZ_JAPPRQ010000011.1	+	GCF_026719745.1	2987703
135	WP_119970809.1,WP_119970811.1,WP_119970818.1,WP_119970820.1,WP_119970822.1	963496	970397	5682	9491	NZ_CP032416.1	+	GCF_003600355.1	2068654
136	WP_003441739.1,WP_003441738.1,WP_003441737.1,WP_267186951.1,WP_267186952.1	2472981	2480000	5649	9491	NZ_CP112872.1	-	GCF_026410065.1	1501
137	WP_066618190.1,WP_066618191.1,WP_066618200.1,WP_066618202.1,WP_066618203.1	832539	839731	5667	9489	NZ_LWAE01000001.1	+	GCF_001623875.1	1121326
138	WP_090038320.1,WP_090038323.1,WP_090038331.1,WP_090038333.1,WP_090038335.1	141121	148284	5649	9486	NZ_FOKI01000002.1	+	GCF_900111985.1	84698
139	WP_078024426.1,WP_078024427.1,WP_078024430.1,WP_078024431.1,WP_078024432.1	46759	53845	5658	9486	NZ_JANKAH010000011.1	+	GCF_024622825.1	1962263
140	WP_029453389.1,WP_029453390.1,WP_029453391.1,WP_029453394.1,WP_029453395.1	2869230	2876146	5619	9485	NZ_JNLN01000001.1	-	GCF_000703125.1	37659
141	WP_216145790.1,WP_216145793.1,WP_216145796.1,WP_216145803.1,WP_216145805.1	81880	88776	5628	9483	NZ_JAHLDV010000003.1	-	GCF_018861865.1	205327
142	WP_216203039.1,WP_216203040.1,WP_216203041.1,WP_216203042.1,WP_216203043.1	341035	347932	5628	9481	NZ_JAHLDR010000001.1	+	GCF_018861795.1	238834
143	WP_318737727.1,WP_318737729.1,WP_318737730.1,WP_318737738.1,WP_318737739.1	5560724	5567835	5685	9479	NZ_CP131467.1	-	GCF_033561535.1	3064705
144	WP_406764450.1,WP_406764451.1,WP_406764455.1,WP_406764456.1,WP_406764457.1	1492113	1499028	5676	9479	NZ_JBJHZY010000001.1	+	GCF_045310525.1	3381662
145	WP_032077170.1,WP_032077169.1,WP_032077168.1,WP_032077165.1,WP_032077164.1	4661854	4668955	5685	9477	NZ_CP020953.1	-	GCF_003096175.1	332101
146	WP_406769840.1,WP_406769841.1,WP_406769842.1,WP_406769845.1,WP_406769846.1	61204	68106	5673	9475	NZ_JBJHZZ010000006.1	-	GCF_045310675.1	3381661
147	WP_226137021.1,WP_216203040.1,WP_226137023.1,WP_226137024.1,WP_226137025.1	211524	218421	5628	9471	NZ_JAIZZY010000004.1	+	GCF_020443575.1	238834
148	WP_072832653.1,WP_072832654.1,WP_072832655.1,WP_072832659.1,WP_072832660.1	42091	49599	5718	9469	NZ_FQXP01000013.1	-	GCF_900130005.1	1121306
149	WP_011721918.1,WP_011721917.1,WP_039224172.1,WP_039224175.1,WP_039224177.1	50374	57215	5664	9469	NZ_JENO01000007.1	-	GCF_000724385.2	1443126
150	WP_003375213.1,WP_003375700.1,WP_003376529.1,WP_003375925.1,WP_003375059.1	1307198	1314043	5670	9468	NZ_CP063816.1	-	GCF_016071375.1	1491
151	WP_183278253.1,WP_183278254.1,WP_183278255.1,WP_183278258.1,WP_183278259.1	3256981	3263758	5664	9466	NZ_BLZR01000001.1	-	GCF_014193895.1	1604897
152	WP_078681509.1,WP_078681510.1,WP_078681514.1,WP_127836403.1,WP_078681516.1	164119	171057	5700	9465	NZ_FUYD01000002.1	+	GCF_900167505.1	1881060
153	WP_220314854.1,WP_220314853.1,WP_220314852.1,WP_220314850.1,WP_220314849.1	3153519	3160416	5628	9462	NZ_CP077615.1	-	GCF_030585465.1	238834
154	WP_029162417.1,WP_029162416.1,WP_029162413.1,WP_029162412.1,WP_029162411.1	5274198	5281298	5685	9462	NZ_CP009933.1	+	GCF_000968375.1	1548
155	WP_226129282.1,WP_226129284.1,WP_226129288.1,WP_226129290.1,WP_226129292.1	3237009	3243906	5628	9461	NZ_CP086147.1	+	GCF_026650925.1	238834
156	WP_216165315.1,WP_216165313.1,WP_216165301.1,WP_216165299.1,WP_216165296.1	5575	12485	5628	9461	NZ_JAIRAZ010000035.1	+	GCF_020176155.1	132925
157	WP_200265859.1,WP_200265860.1,WP_200265861.1,WP_200265864.1,WP_200265865.1	91272	98052	5664	9459	NZ_JAENHN010000006.1	-	GCF_016595795.1	2800325
158	WP_010965581.1,WP_010965580.1,WP_010965577.1,WP_010965576.1,WP_010965575.1	880844	888029	5679	9458	NZ_CP030018.1	+	GCF_003254825.1	1488
159	WP_077853091.1,WP_077853085.1,WP_077832005.1,WP_077832006.1,WP_077853086.1	220312	227472	5676	9457	NZ_CP096988.1	+	GCF_002006235.2	36839
160	WP_261671887.1,WP_261671888.1,WP_261671889.1,WP_261671893.1,WP_261671894.1	15841	23008	5664	9457	NZ_JAODOO010000009.1	-	GCF_025398335.1	2978346
161	WP_326514468.1,WP_326514469.1,WP_326514470.1,WP_326514835.1,WP_326514472.1	1916554	1923637	5640	9457	NZ_CP121166.1	-	GCF_035905475.1	36845
162	WP_114980875.1,WP_003490668.1,WP_045518626.1,WP_003490661.1,WP_003490660.1	3451797	3458909	5658	9457	NZ_UFWX01000001.1	-	GCF_900447155.1	1491
163	WP_216170819.1,WP_216170821.1,WP_216170823.1,WP_216170827.1,WP_216170829.1	3602756	3609653	5622	9455	NZ_CP086243.1	-	GCF_026651005.1	238834
164	WP_234122124.1,WP_234119378.1,WP_234119399.1,WP_234119408.1,WP_234119410.1	1175303	1182777	5664	9455	NZ_JAEACT010000002.1	+	GCF_021432385.1	2855764
165	WP_220705491.1,WP_220705492.1,WP_220705493.1,WP_220705495.1,WP_220705496.1	2266100	2272996	5628	9454	NZ_CP077610.1	-	GCF_030585505.1	238834
166	WP_164950246.1,WP_164950245.1,WP_164950244.1,WP_164950241.1,WP_164950240.1	3186023	3192951	5640	9453	NZ_JAAMNI020000001.1	-	GCF_011065955.2	2724481
167	WP_013725266.1,WP_013725267.1,WP_013725271.1,WP_013725272.1,WP_013725273.1	1172810	1179660	5670	9452	NC_015425.1	+	GCF_000204565.1	929506
168	WP_206868624.1,WP_206868626.1,WP_206868628.1,WP_206868631.1,WP_206868632.1	1204040	1210812	5664	9452	NZ_BMBA01000001.1	-	GCF_017312485.1	2759022
169	WP_268049197.1,WP_268049198.1,WP_268049199.1,WP_268049644.1,WP_268049645.1	172809	179713	5664	9452	NZ_JAPQES010000002.1	-	GCF_026735165.1	312089
170	WP_216107097.1,WP_216107098.1,WP_216107101.1,WP_216107102.1,WP_216107103.1	4457510	4464406	5628	9451	NZ_CP086237.1	+	GCF_026650965.1	238834
171	WP_160671347.1,WP_160671350.1,WP_160671356.1,WP_160671359.1,WP_160671362.1	329524	336327	5661	9450	NZ_JAABNO010000002.1	+	GCF_009928445.1	2698831
172	WP_015615491.1,WP_015615492.1,WP_015615495.1,WP_015615496.1,WP_015615497.1	2343623	2350770	5655	9450	NC_021182.1	+	GCF_000389635.1	86416
173	WP_039258681.1,WP_039258679.1,WP_039258678.1,WP_039258674.1,WP_039258673.1	1604869	1611719	5670	9447	NZ_CP063965.1	-	GCF_017100085.1	1491
174	WP_181600782.1,WP_021801339.1,WP_181600783.1,WP_181603745.1,WP_181600785.1	3021409	3028355	5640	9440	NZ_CP059378.1	-	GCF_013781885.1	36845
175	WP_128212708.1,WP_128212709.1,WP_128212713.1,WP_128212714.1,WP_128212715.1	2193163	2199965	5661	9436	NZ_CP025746.1	+	GCF_004015185.1	2320868
176	WP_199869188.1,WP_061993954.1,WP_199869189.1,WP_199869191.1,WP_061993949.1	70116	77211	5643	9434	NZ_JAAGPU010000003.1	-	GCF_010692705.1	1465809
177	WP_307355668.1,WP_111943495.1,WP_307355670.1,WP_111943485.1,WP_307355671.1	84128	91045	5664	9433	NZ_JAUSWN010000010.1	+	GCF_030815255.1	1536
178	WP_261850890.1,WP_261850891.1,WP_261850894.1,WP_261850895.1,WP_261850896.1	837867	844644	5664	9433	NZ_BQXZ01000002.1	+	GCF_024341925.1	2886038
179	WP_169295817.1,WP_169295818.1,WP_169295821.1,WP_169295822.1,WP_169295823.1	112639	119768	5676	9432	NZ_JABBNI010000001.1	+	GCF_012926525.1	2716538
180	WP_154529728.1,WP_154529729.1,WP_154529732.1,WP_154529733.1,WP_154529734.1	5531	12427	5715	9431	NZ_VULX01000001.1	+	GCF_009696465.1	2652291
181	WP_027634065.1,WP_027634066.1,WP_027634069.1,WP_034850023.1,WP_027634071.1	561293	568429	5664	9430	NZ_KK366004.1	+	GCF_000686705.1	1121319
182	WP_123054266.1,WP_123054267.1,WP_123054268.1,WP_123054272.1,WP_123054273.1	2012669	2019681	5679	9430	NZ_CP033465.1	-	GCF_003718715.1	2483110
183	WP_216306069.1,WP_216306070.1,WP_216306074.1,WP_376770430.1,WP_216306076.1	45301	52206	5649	9429	NZ_JAHLEB010000009.1	+	GCF_018861735.1	205328
184	WP_026884378.1,WP_035796652.1,WP_026884380.1,WP_026884383.1,WP_026884384.1	171196	178008	5670	9427	NZ_KK366008.1	-	GCF_000686725.1	1121293
185	WP_182088561.1,WP_182088562.1,WP_182088566.1,WP_182088567.1,WP_182088568.1	52397	59273	5706	9425	NZ_JACGAG010000005.1	+	GCF_014050525.1	2663123
186	WP_202766498.1,WP_202766499.1,WP_202766500.1,WP_202766504.1,WP_202766505.1	358692	365547	5667	9423	NZ_JAESWA010000017.1	-	GCF_016765615.1	2803863
187	WP_261827807.1,WP_261827808.1,WP_261827811.1,WP_261827812.1,WP_261827813.1	1375321	1382172	5655	9423	NZ_BROD01000001.1	+	GCF_024345225.1	1604901
188	WP_017895363.1,WP_017895362.1,WP_017752805.1,WP_017895361.1,WP_017752810.1	2057652	2064512	5709	9423	NZ_CP137758.1	-	GCF_036670035.1	1519
189	WP_274227112.1,WP_274227113.1,WP_274227114.1,WP_274227116.1,WP_274227117.1	1427221	1434076	5667	9421	NZ_JAQYUU010000001.1	-	GCF_028728205.1	3027474
190	WP_165412770.1,WP_165412771.1,WP_165412772.1,WP_165412776.1,WP_165412777.1	2111783	2118661	5622	9420	NZ_JAAMNG020000001.1	-	GCF_011065905.2	238834
191	WP_066872691.1,WP_066872694.1,WP_066872703.1,WP_066872706.1,WP_066872710.1	1115119	1121623	5700	9413	NZ_CABKWO010000005.1	+	GCF_902376185.1	1805472
192	WP_010292959.1,WP_010292961.1,WP_010292963.1,WP_010292967.1,WP_010292969.1	762143	769229	5643	9405	NZ_CABKRL010000001.1	-	GCF_902374755.1	1465809
193	WP_216251337.1,WP_216251340.1,WP_216251345.1,WP_216251348.1,WP_216251351.1	78708	85605	5628	9402	NZ_JAHLDU010000010.1	+	GCF_018861905.1	2843317
194	WP_040330252.1,WP_040330253.1,WP_040330258.1,WP_040330260.1,WP_040330262.1	376971	383904	5640	9399	NZ_CABLCB010000083.1	+	GCF_902377545.1	1470356
195	WP_171012035.1,WP_415578617.1,WP_138210542.1,WP_138210546.1,WP_138210547.1	1927708	1934626	5661	9397	NZ_LR590481.1	-	GCF_901482605.1	1498
196	WP_209701690.1,WP_209701691.1,WP_209701695.1,WP_209701696.1,WP_209701780.1	67277	74140	5706	9395	NZ_JAGGLM010000005.1	+	GCF_017874415.1	1472040
197	WP_012103479.1,WP_012103480.1,WP_012103481.1,WP_012103485.1,WP_012103486.1	3198323	3205324	5688	9391	NC_009706.1	-	GCF_000016505.1	431943
198	WP_315673602.1,WP_315673603.1,WP_315673607.1,WP_315673608.1,WP_315673609.1	177458	184398	5676	9382	NZ_JACTOJ010000010.1	+	GCF_032335695.1	2768166
199	WP_369704221.1,WP_369704222.1,WP_369704223.1,WP_369704227.1,WP_369704228.1	111305	118377	5679	9368	NZ_JBGEWD010000007.1	-	GCF_041205085.1	3240932
200	WP_217811690.1,WP_217811691.1,WP_217811692.1,WP_217811694.1,WP_217811695.1	55479	62338	5709	9367	NZ_JAHHUY010000004.1	-	GCF_019144085.1	1519
201	WP_127722416.1,WP_127722417.1,WP_127722418.1,WP_127722422.1,WP_127722423.1	3636555	3643493	5670	9350	NZ_CP029758.2	-	GCF_004006395.2	2212991
202	WP_063554120.1,WP_063554121.1,WP_063554122.1,WP_063554125.1,WP_063554126.1	107564	114493	5670	9348	NZ_LITT01000004.1	-	GCF_001636845.1	1538
203	WP_013240002.1,WP_013240003.1,WP_013240004.1,WP_013240008.1,WP_023162180.1	3687411	3694350	5670	9336	NC_014328.1	-	GCF_000143685.1	748727
204	WP_073337301.1,WP_073337302.1,WP_073337303.1,WP_073337307.1,WP_073337308.1	228634	235367	5649	9331	NZ_FQXM01000004.1	-	GCF_900129965.1	1121316
205	WP_217303371.1,WP_217303372.1,WP_065078667.1,WP_065078664.1,WP_065078663.1	1396624	1403563	5670	9320	NZ_CP020473.1	-	GCF_019056555.1	1970093
206	WP_040193268.1,WP_040193267.1,WP_404988675.1,WP_040193261.1,WP_040193260.1	889552	896584	5670	9316	NZ_CP171113.1	+	GCF_045038935.1	1499683
207	WP_229981740.1,WP_229981741.1,WP_229981742.1,WP_150357322.1,WP_179978320.1	37136	44115	5667	9299	NZ_JAJJPB010000020.1	+	GCF_020908015.1	2836848
208	WP_066760584.1,WP_066760586.1,WP_066760587.1,WP_082917562.1,WP_066760592.1	17687	24127	5721	9292	NZ_LXFF01000014.1	-	GCF_001655775.1	1840217
209	WP_005806102.1,WP_042294674.1,WP_042294675.1,WP_042294678.1,WP_042294679.1	935677	944256	5706	9281	NZ_CP008713.1	-	GCF_000709435.1	1508644
210	WP_010076964.1,WP_010076963.1,WP_010076962.1,WP_010076958.1,WP_010076957.1	2478182	2485341	5691	9248	NC_014393.1	-	GCF_000145275.1	573061
211	WP_216461556.1,WP_216461557.1,WP_216461558.1,WP_216461562.1,WP_216461563.1	52006	58958	5688	9248	NZ_JAHLOD010000004.1	-	GCF_018917145.1	1216932
212	WP_044038911.1,WP_051483793.1,WP_044038912.1,WP_044038914.1,WP_044038915.1	2207497	2214792	5688	9238	NZ_HG917868.1	-	GCF_000577895.1	1216932
213	WP_129226700.1,WP_161971133.1,WP_129226704.1,WP_129226706.1,WP_129226714.1,WP_129226815.1	234085	242035	6453	8988	NZ_SDOZ01000003.1	-	GCF_004134775.1	2508949
214	WP_149544128.1,WP_149544129.1,WP_149544130.1,WP_149544131.1,WP_149544135.1	192334	198746	5133	8696	NZ_VTPS01000001.1	-	GCF_008274215.1	2606906
215	WP_154520141.1,WP_154520142.1,WP_154520143.1,WP_154520150.1,WP_154520151.1,WP_154520156.1	2839	21282	8124	8639	NZ_VUMT01000028.1	-	GCF_009696045.1	2606634
216	WP_122639189.1,WP_122639190.1,WP_122639192.1,WP_147516426.1,WP_122639195.1	43128	48999	4302	8334	NZ_JADNAX010000004.1	-	GCF_015550495.1	2787112
217	WP_102411336.1,WP_102411337.1,WP_346026516.1,WP_346026517.1	1899529	1907258	5724	8318	NZ_LT963430.1	+	GCF_900199405.1	1852363
218	WP_072906142.1,WP_072906144.1,WP_072906152.1,WP_072906156.1,WP_072906172.1	531714	544077	5121	8299	NZ_FRAI01000005.1	-	GCF_900142275.1	1120989
219	WP_027638016.1,WP_230029151.1,WP_027638020.1,WP_027638021.1	1533044	1539918	5664	8254	NZ_CP076620.1	+	GCF_020911725.1	1529
220	WP_055071187.1,WP_055071188.1,WP_055071191.1,WP_055071192.1	1056127	1062808	5694	8173	NZ_LN879468.1	-	GCF_001403635.1	1347366
221	WP_035134460.1,WP_035134462.1,WP_035134471.1,WP_035134473.1	79335	86173	5667	8169	NZ_JPMD01000035.1	+	GCF_000732635.1	318464
222	WP_012159569.1,WP_012159570.1,WP_012159574.1,WP_012159575.1	1819042	1824364	4020	8160	NC_009922.1	-	GCF_000018325.1	350688
223	WP_343824418.1,WP_343824420.1,WP_343824424.1,WP_343824426.1	1106877	1113716	5667	8160	NZ_BAAACI010000001.1	-	GCF_039521425.1	1550
224	WP_072903587.1,WP_072903589.1,WP_072903595.1,WP_072903596.1	56835	63848	5700	8112	NZ_FRAD01000012.1	-	GCF_900142225.1	1121331
225	WP_228105733.1,WP_228105734.1,WP_228105736.1,WP_228105738.1	2474866	2480566	4020	7948	NZ_CP101637.1	-	GCF_031202285.1	1541
226	WP_018592138.1,WP_018592137.1,WP_416389609.1,WP_018592131.1	3666489	3672189	4026	7948	NZ_CP117523.1	-	GCF_036812735.1	1121315
227	WP_419726230.1,WP_419727642.1,WP_419726232.1,WP_419726233.1	277729	283428	4026	7946	NZ_CP183811.1	+	GCF_048568315.1	1460447
228	WP_094368632.1,WP_094368633.1,WP_116041181.1,WP_116041185.1	54947	63695	4023	7925	NZ_NOJY02000003.1	-	GCF_002250835.2	2020949
229	WP_013780549.1,WP_216086279.1,WP_041644344.1,WP_013780555.1	958050	963860	4653	7911	NC_015520.1	+	GCF_000213255.1	697281
230	WP_242946679.1,WP_078665354.1,WP_078665359.1,WP_078665360.1,WP_078666679.1	2282911	2297684	5103	7907	NZ_CP028491.1	-	GCF_003047205.1	178899
231	WP_071119475.1,WP_071119477.1,WP_071119484.1,WP_071119485.1	151086	159770	4023	7899	NZ_LT629850.1	+	GCF_900106845.1	1776391
232	WP_021122495.1,WP_081012415.1,WP_055340668.1,WP_055337270.1	3110820	3116521	4023	7881	NZ_CP124295.1	-	GCF_037057455.1	1505
233	WP_373599678.1,WP_373599659.1,WP_373599657.1,WP_373599655.1	17308	23009	4023	7880	NZ_CAXVJR010000007.1	-	GCF_964259345.1	1490
234	WP_270941988.1,WP_270941989.1,WP_092726713.1,WP_270941992.1	22583	29035	4023	7878	NZ_JAPNNV010000006.1	-	GCF_027853495.1	1537
235	WP_092726725.1,WP_258242910.1,WP_092726713.1,WP_258242914.1	1921015	1927465	4023	7876	NZ_JANQBQ010000001.1	-	GCF_024723825.1	1537
236	WP_284133593.1,WP_284135238.1,WP_284135243.1,WP_284135244.1	21045	35390	4023	7876	NZ_JASKYN010000007.1	-	GCF_030131965.1	1368474
237	WP_021428515.1,WP_150886922.1,WP_025161691.1,WP_150886924.1	2758014	2763712	4023	7870	NZ_CP032452.1	+	GCF_008807835.1	1490
238	WP_092726725.1,WP_092726723.1,WP_092726713.1,WP_092726712.1	3201790	3208239	4023	7860	NZ_CDAA01000001.1	-	GCF_900002825.1	1537
239	WP_275890818.1,WP_092923758.1,WP_166505987.1,WP_092923773.1	476261	482163	4023	7854	NZ_JAKNTP010000001.1	+	GCF_022440865.1	1507512
240	WP_133629310.1,WP_133629311.1,WP_133629315.1,WP_133629317.1	964	7442	4014	7849	NZ_SOAZ01000034.1	-	GCF_004364155.1	1096341
241	WP_250674042.1,WP_250674041.1,WP_250674038.1,WP_250674036.1	2804035	2809730	4023	7838	NZ_CP161000.1	-	GCF_023653455.2	29358
242	WP_346044088.1,WP_346044092.1,WP_346044100.1,WP_346044102.1	140604	146307	4023	7807	NZ_BAAACP010000006.1	+	GCF_039521565.1	1737
243	WP_326498367.1,WP_268061000.1,WP_268061004.1,WP_268061005.1	14207	21085	4395	7729	NZ_JAPQFJ010000007.1	-	GCF_026738875.1	2999072
244	WP_423243337.1,WP_125152688.1,WP_125152690.1,WP_125152691.1	278797	285916	4392	7720	NZ_UYZZ01000002.1	-	GCF_900626095.1	2040295
245	WP_425544671.1,WP_343771494.1,WP_343771555.1,WP_343771501.1	203400	210257	4383	7716	NZ_BAAACF010000012.1	-	GCF_039521365.1	1539
246	WP_228727793.1,WP_228727794.1,WP_194701983.1,WP_194701984.1	234916	238987	4059	7696	NZ_JADKNH010000006.1	-	GCF_015352425.1	2785058
247	WP_069872589.1,WP_069872590.1,WP_069872592.1,WP_069872594.1	4494	8565	4059	7626	NZ_BDHH01000005.1	+	GCF_001748365.1	1048380
248	WP_396276658.1,WP_138206328.1,WP_138206334.1,WP_138206336.1	1941133	1947968	4353	7617	NZ_CP172402.1	-	GCF_044502415.1	1380675
249	WP_138296113.1,WP_138296114.1,WP_138296188.1,WP_138296124.1	105647	118296	4680	7601	NZ_JADNOJ010000005.1	-	GCF_015557495.1	2787146
250	WP_242985307.1,WP_242985308.1,WP_105614178.1,WP_105614182.1	223422	231090	4740	7495	NZ_PQDH01000001.1	-	GCF_002964605.1	2078660
251	WP_096043189.1,WP_096043190.1,WP_096043191.1,WP_096043192.1	772	6818	4632	7434	NZ_CP013242.1	+	GCF_001886775.1	1509
252	WP_046443600.1,WP_046443604.1,WP_046443605.1,WP_197408885.1	74274	86076	3996	7037	NZ_LAYJ01000101.1	+	GCF_000981035.1	270498
253	WP_073146505.1,WP_073146506.1,WP_073146507.1,WP_242655692.1	202027	206243	4038	6955	NZ_FRAG01000001.1	-	GCF_900142245.1	1121301
254	WP_199678127.1,WP_058695476.1,WP_096918967.1	3965629	3969857	3495	6749	NZ_CP029487.1	+	GCF_002441855.2	2041044
255	WP_054251972.1,WP_054251973.1,WP_054251976.1	774043	778018	3483	6730	NZ_CYUJ01000002.1	+	GCF_001299475.1	1673724
256	WP_038352922.1,WP_038352924.1,WP_038352925.1	3000409	3004636	3495	6724	NZ_LR215983.1	-	GCF_900683775.1	1736
257	WP_073381883.1,WP_013381917.1,WP_073381889.1	3466586	3470808	3495	6692	NZ_CP176625.1	-	GCF_046603775.1	53442
258	WP_148603531.1,WP_148603532.1,WP_148603534.1	83652	87827	3501	6642	NZ_WJBB01000011.1	+	GCF_014284395.1	132932
259	WP_087389437.1,WP_087188743.1,WP_242958861.1,WP_087389351.1	23861	37995	3909	6641	NZ_NFLU01000008.1	+	GCF_002161085.1	1965544
260	WP_070370595.1,WP_070370501.1,WP_070370500.1	3009706	3014189	3498	6627	NZ_CP113903.1	-	GCF_049200475.1	52694
261	WP_154575538.1,WP_154575409.1,WP_154575412.1	187883	192110	3561	6623	NZ_VUMO01000001.1	+	GCF_009696145.1	2606631
262	WP_423055487.1,WP_423055488.1,WP_322519406.1	2740151	2744353	3498	6605	NZ_CP173187.2	-	GCF_047456265.2	52690
263	WP_148567617.1,WP_148567618.1,WP_148567620.1	77830	82005	3501	6582	NZ_RXYA01000011.1	+	GCF_008086595.1	52693
264	WP_186894410.1,WP_186894411.1,WP_186894412.1	87059	91357	3498	6570	NZ_WJBE01000008.1	+	GCF_014284495.1	52692
265	WP_014355689.1,WP_014355690.1,WP_014355692.1	1518939	1523141	3498	6561	NC_016894.1	+	GCF_000247605.1	931626
266	WP_094547644.1,WP_094547256.1,WP_094547286.1	276849	289721	3507	6561	NZ_NPML01000007.1	-	GCF_002252565.1	1792311
267	WP_035290883.1,WP_035290885.1,WP_035290886.1	1092501	1097146	3531	6529	NZ_JQMW01000009.1	-	GCF_000744935.1	1540257
268	WP_282865371.1,WP_282865372.1,WP_282865377.1	5358736	5364164	3507	6494	NZ_CP124862.1	+	GCF_030013905.1	3045146
269	WP_308152571.1,WP_308152572.1,WP_308152575.1	707968	712719	3528	6481	NZ_CP133189.1	+	GCF_030913655.1	3070996
270	WP_012302437.1,WP_012302439.1,WP_012302449.1,WP_012302450.1,WP_456298426.1	1417436	1434038	5427	6386	NC_010424.1	-	GCF_000018425.1	477974
271	WP_262394174.1,WP_262394178.1,WP_262394179.1	381596	386304	3525	6348	NZ_JACRTD010000001.1	-	GCF_014385085.1	2763678
272	WP_249281740.1,WP_249281739.1,WP_249281735.1	84341	89468	3579	6341	NZ_JBCLMT010000008.1	+	GCF_039503245.1	2763658
273	WP_143824699.1,WP_089023875.1,WP_089023876.1	34583	40402	3540	6337	NZ_NIQC01000018.1	-	GCF_002216005.1	759412
274	WP_212508347.1,WP_212508350.1,WP_212508351.1	1391879	1396903	3540	6328	NZ_CP060696.1	-	GCF_014467055.1	2766537
275	WP_020071722.1,WP_020071725.1,WP_020071726.1	118835	123746	3534	6322	NZ_KB911066.1	-	GCF_000383295.1	1121334
276	WP_275845058.1,WP_275845057.1,WP_275845054.1	1554884	1559817	3540	6316	NZ_CP174369.1	+	GCF_046523925.1	3396405
277	WP_087240673.1,WP_087240679.1,WP_087240693.1	234145	244427	3519	6312	NZ_NFMB01000007.1	-	GCF_002161215.1	1965537
278	WP_066644215.1,WP_156991423.1,WP_187036576.1	550054	554812	3549	6307	NZ_CP060286.1	-	GCF_014303955.1	2576756
279	WP_101697833.1,WP_101697834.1,WP_101697837.1	382811	387853	3531	6306	NZ_OEQH01000003.1	+	GCF_900240385.1	2045012
280	WP_283607483.1,WP_283607485.1,WP_283607490.1	853204	858025	3534	6301	NZ_CANOOQ010000001.1	+	GCF_947568225.1	2991836
281	WP_042430969.1,WP_042430963.1,WP_042430960.1	299120	304021	3546	6291	NZ_JADNIV010000001.1	-	GCF_015554605.1	1414721
282	WP_085833368.1,WP_085833371.1,WP_085833372.1	597220	602040	3534	6291	NZ_CABMKM010000004.1	-	GCF_902386975.1	1958780
283	WP_294520728.1,WP_349231721.1,WP_294520756.1	56093	60928	3549	6290	NZ_JBBMFK010000012.1	-	GCF_040096055.1	3133171
284	WP_141825236.1,WP_141825238.1,WP_141827928.1	361555	366367	3516	6279	NZ_VFMF01000001.1	-	GCF_006714885.1	1550235
285	WP_006572595.1,WP_006572602.1,WP_086005862.1	158845	168475	3549	6278	NZ_AAXG02000012.1	-	GCF_000169255.2	411467
286	WP_238074443.1,WP_238074445.1,WP_238074464.1	33772	38756	3516	6268	NZ_JAKNJB010000022.1	-	GCF_022132365.1	1673721
287	WP_334599915.1,WP_334599917.1,WP_334600467.1	1115075	1121948	3582	6261	NZ_JAYWSY010000001.1	+	GCF_036941135.1	3114293
288	WP_071435185.1,WP_071433629.1,WP_071433637.1	2223999	2228866	3588	6258	NZ_LT629945.1	+	GCF_900104675.1	1871018
289	WP_024724066.1,WP_024724071.1,WP_024724073.1	2210185	2221081	3519	6258	NZ_BAABZG010000001.1	+	GCF_042846325.1	292800
290	WP_130868220.1,WP_130868227.1,WP_130868229.1	33945	44374	3537	6254	NZ_LR131147.1	+	GCF_900626285.1	1673721
291	WP_193536654.1,WP_390453249.1,WP_186963901.1	1471174	1476774	3564	6253	NZ_AP031438.1	-	GCF_042848755.1	2779352
292	WP_092640488.1,WP_092640500.1,WP_092640503.1	22067	26967	3537	6253	NZ_FNID01000019.1	-	GCF_900103835.1	258515
293	WP_216570873.1,WP_216570878.1,WP_216570880.1	938278	943744	3537	6251	NZ_JAHLPP010000001.1	-	GCF_018917965.1	2841531
294	WP_235380400.1,WP_235380403.1,WP_235380406.1	64823	69927	3612	6250	NZ_JADYTU010000007.1	-	GCF_021531375.1	1870988
295	WP_186906491.1,WP_186906494.1,WP_186906602.1	150541	156233	3549	6249	NZ_JACOPP010000002.1	-	GCF_014287895.1	2763053
296	WP_251318156.1,WP_251318139.1,WP_251318142.1	57561	64144	3591	6246	NZ_CALPCP010000015.1	-	GCF_943192995.1	2941327
297	WP_084235510.1,WP_084235440.1,WP_084235441.1	6030	10995	3522	6243	NZ_FWXW01000010.1	-	GCF_900176335.1	1122930
298	WP_012448225.1,WP_012448230.1,WP_012448232.1	1852974	1858849	3615	6242	NC_010718.1	-	GCF_000020005.1	457570
299	WP_066459530.1,WP_066459532.1,WP_066459539.1	1860070	1864784	3528	6240	NZ_FKLA01000009.1	+	GCF_900078395.1	1720200
300	WP_186564448.1,WP_186564450.1,WP_186564454.1	380999	387212	3516	6239	NZ_JACOEA010000001.1	+	GCF_014281125.1	2986526
301	WP_087259177.1,WP_087259179.1,WP_087259185.1	187253	195884	3537	6231	NZ_NFGZ01000003.1	-	GCF_002159175.1	1965666
302	WP_092751774.1,WP_092751782.1,WP_092751787.1	784840	790374	3570	6229	NZ_FOCG01000001.1	-	GCF_900110045.1	474960
303	WP_087393996.1,WP_087394000.1,WP_087394205.1	42490	47389	3609	6226	NZ_NFMA01000005.1	-	GCF_002161175.1	1965538
304	WP_235370274.1,WP_235370279.1,WP_235370284.1	55199	60282	3615	6220	NZ_JADYUM010000003.1	+	GCF_021531815.1	1870988
305	WP_079700039.1,WP_079700043.1,WP_079700045.1	1599551	1605064	3552	6218	NZ_CABMKD010000012.1	-	GCF_902386815.1	1841868
306	WP_204721019.1,WP_177502276.1,WP_204721023.1	10409	15196	3555	6216	NZ_JACSNR010000007.1	-	GCF_016901815.1	474960
307	WP_101550654.1,WP_101550662.1,WP_101550664.1	1490995	1496056	3528	6214	NZ_LT962687.1	-	GCF_900199635.1	1673720
308	WP_241078006.1,WP_241078012.1,WP_241078013.1	1661750	1667083	3576	6213	NZ_CP054394.1	-	GCF_022539405.1	2742683
309	WP_008980861.1,WP_151075927.1,WP_374736712.1	8990	13786	3582	6208	NZ_JBHEVB010000002.1	-	GCF_041925195.1	3342383
310	WP_161844889.1,WP_161844892.1,WP_161844894.1	70644	75922	3540	6205	NZ_QWEK01000015.1	-	GCF_009935845.1	2304577
311	WP_006875274.1,WP_006875275.1,WP_117546028.1	327244	332055	3540	6195	NZ_QVME01000001.1	+	GCF_003435515.1	169435
312	WP_289517986.1,WP_289517989.1,WP_289517990.1	5270	10063	3582	6193	NZ_JAUDDJ010000002.1	-	GCF_030372275.1	1870988
313	WP_340039477.1,WP_340039329.1,WP_340039331.1	328751	338646	3537	6188	NZ_JBBHLB010000001.1	+	GCF_037572415.1	3133422
314	WP_209343424.1,WP_209343426.1,WP_209343751.1	453445	463563	3537	6187	NZ_JADKZI010000002.1	-	GCF_017811815.1	2785133
315	WP_186918359.1,WP_186918360.1,WP_186918364.1	43200	54227	3501	6185	NZ_JACOPQ010000002.1	-	GCF_014287675.1	2763052
316	WP_101911441.1,WP_101911445.1,WP_101911446.1	1921900	1926615	3525	6138	NZ_FYDE01000005.1	-	GCF_900186535.1	1944642
317	WP_212694404.1,WP_212698834.1,WP_212694411.1	3813729	3822702	4635	6109	NZ_CP058649.1	-	GCF_018141445.1	1348613
318	WP_132249968.1,WP_132249111.1,WP_132249112.1	69686	76900	4626	6091	NZ_SMAL01000001.1	+	GCF_004342165.1	682400
319	WP_117765987.1,WP_117765756.1,WP_117765772.1	152538	166007	4560	6081	NZ_QSCM01000004.1	-	GCF_003463065.1	2292287
320	WP_183774868.1,WP_183774871.1,WP_183774883.1	128875	135783	4665	6069	NZ_JACHFW010000009.1	-	GCF_014202115.1	673271
321	WP_249304527.1,WP_249304529.1,WP_249304531.1	1424268	1428975	4683	6052	NZ_CP060634.1	-	GCF_014337195.1	2763669
322	WP_162990616.1,WP_122011625.1,WP_243108379.1	86905	99548	4692	6035	NZ_LR026983.1	-	GCF_900604345.1	2086585
323	WP_118042203.1,WP_022030651.1,WP_006773646.1	1171699	1176472	4713	6028	NZ_BQNK01000001.1	+	GCF_022834975.1	154046
324	WP_110325029.1,WP_270815433.1,WP_270815434.1	46809	51554	4719	6024	NZ_JAQETU010000021.1	-	GCF_027696135.1	1096246
325	WP_107001519.1,WP_107001468.1,WP_022359869.1	243048	247787	4704	6018	NZ_PYLO01000004.1	+	GCF_003024715.1	2126740
326	WP_006778821.1,WP_006778822.1,WP_006778823.1	4444085	4448800	4683	6014	NZ_CP040506.1	+	GCF_005886215.1	742737
327	WP_231062006.1,WP_231062007.1,WP_231062054.1	153101	157808	4683	6013	NZ_JAJNOR010000002.1	-	GCF_021044755.1	2897778
328	WP_002601550.1,WP_055654948.1,WP_055654946.1	5323325	5328070	4719	6004	NZ_BAABZE010000001.1	-	GCF_042848345.1	1096246
329	WP_008395555.1,WP_008395556.1,WP_044930402.1	3385709	3390627	4761	6003	NZ_CP085988.1	-	GCF_020736365.1	411486
330	WP_212691262.1,WP_113675540.1,WP_212691264.1	4799268	4806533	4632	6001	NZ_CP058561.1	+	GCF_018141425.1	1185412
331	WP_003501427.1,WP_003501425.1,WP_003501423.1	4170540	4175303	4698	5999	NZ_CP125628.1	-	GCF_040267475.1	1512
332	WP_283230090.1,WP_283230091.1,WP_283230092.1	141096	145805	4692	5985	NZ_JASGBQ010000003.1	-	GCF_030053595.1	3044208
333	WP_092478174.1,WP_092478180.1,WP_092478181.1	52931	61692	4644	5985	NZ_FOHN01000015.1	+	GCF_900111595.1	29364
334	WP_177958003.1,WP_177958002.1,WP_177958001.1	94100	98820	4674	5984	NZ_CAXSLG010000003.1	-	GCF_964238185.1	2364793
335	WP_104434508.1,WP_104434510.1,WP_104434512.1	684800	689568	4692	5979	NZ_PTJA01000001.1	+	GCF_002934545.1	384636
336	WP_073288920.1,WP_073288945.1,WP_073288947.1	143100	157240	4665	5965	NZ_FRCP01000014.1	+	GCF_900142955.1	1120996
337	WP_158359201.1,WP_158359199.1,WP_262426809.1	128371	133176	4734	5962	NZ_JACRTJ010000005.1	-	GCF_014385265.1	2763663
338	WP_367029490.1,WP_367029491.1,WP_367029492.1	327401	332131	4707	5961	NZ_JBFDTP010000002.1	+	GCF_040719375.1	3160598
339	WP_125137986.1,WP_125137990.1,WP_125137991.1	3074665	3081344	4656	5956	NZ_LR130778.1	+	GCF_900538275.1	2173034
340	WP_077612249.1,WP_077612250.1,WP_077612251.1	2845968	2850720	4692	5954	NZ_LT732526.1	-	GCF_900155545.1	1805471
341	WP_117416162.1,WP_346065461.1,WP_117416164.1	21987	26755	4698	5952	NZ_BRPJ01000046.1	-	GCF_039545435.1	253257
342	WP_101877064.1,WP_101877065.1,WP_101877066.1	2240290	2244987	4713	5951	NZ_CABMKL010000001.1	+	GCF_902386895.1	1926283
343	WP_227100400.1,WP_227100399.1,WP_066558494.1	99499	104312	4722	5950	NZ_JAOQJH010000006.1	+	GCF_025567095.1	2981768
344	WP_117469067.1,WP_117469068.1,WP_015553084.1	164526	169504	4794	5945	NZ_QWGJ01000001.1	+	GCF_003435225.1	2305241
345	WP_170824179.1,WP_170824180.1,WP_170824181.1	32184	36953	4689	5945	NZ_JAAOXG010000088.1	+	GCF_013036995.1	2719233
346	WP_271715169.1,WP_271715174.1,WP_271715175.1	1429390	1436782	4659	5944	NZ_AP024169.1	+	GCF_016591975.1	2785025
347	WP_097003443.1,WP_097003444.1,WP_097003445.1	401680	406404	4698	5944	NZ_OAOF01000003.1	+	GCF_900205965.1	253257
348	WP_075669577.1,WP_075669581.1,WP_075669582.1	270073	276885	4737	5940	NZ_MJIG01000003.1	+	GCF_001940245.1	1261637
349	WP_009265486.1,WP_009265487.1,WP_008390603.1	2990959	2997730	4800	5937	NZ_BAABYN010000001.1	-	GCF_042845895.1	649756
350	WP_041708839.1,WP_041708837.1,WP_013271323.1	2933123	2937987	4692	5934	NZ_CP070235.1	-	GCF_016906045.1	84030
351	WP_125143174.1,WP_125143175.1,WP_125143176.1	500079	504846	4698	5933	NZ_UYZY01000004.1	+	GCF_900626075.1	2479838
352	WP_130434189.1,WP_243647492.1,WP_130433604.1	1027093	1033963	4665	5930	NZ_SGXF01000001.1	-	GCF_004216775.1	1796618
353	WP_055198332.1,WP_022375021.1,WP_055198337.1	6406	13171	4800	5928	NZ_JAOQJG010000008.1	-	GCF_025567365.1	2981779
354	WP_177978827.1,WP_308451362.1,WP_177978823.1	26468	31221	4698	5926	NZ_JAJEPU010000020.1	+	GCF_020686985.1	2885361
355	WP_118541295.1,WP_118541297.1,WP_118541299.1	36282	40970	4674	5921	NZ_QUEH01000004.1	+	GCF_003477935.1	2292006
356	WP_075759122.1,WP_075759123.1,WP_075760522.1	852509	861039	4806	5921	NZ_MJIF01000001.1	-	GCF_001940315.1	1261636
357	WP_092559647.1,WP_092559648.1,WP_092559653.1	254876	261928	4641	5920	NZ_FOYZ01000003.1	-	GCF_900112775.1	37658
358	WP_420218233.1,WP_420218234.1,WP_420218235.1	1910090	1914859	4692	5919	NZ_JBMBWP010000002.1	-	GCF_048627165.1	3401631
359	WP_024728315.1,WP_024728311.1,WP_270432787.1	891591	899555	4755	5914	NZ_CP121164.1	+	GCF_039789045.1	3036926
360	WP_118541299.1,WP_118725464.1,WP_118725465.1	111368	116056	4674	5913	NZ_QUIK01000001.1	-	GCF_003480105.1	2292305
361	WP_006566413.1,WP_039946468.1,WP_006566406.1	995138	1003100	4752	5906	NZ_CP102254.1	+	GCF_025146005.1	411490
362	WP_162370318.1,WP_162370321.1,WP_162370322.1	18012	24380	4665	5903	NZ_JAAEEH010000017.1	+	GCF_010179735.1	2662126
363	WP_349230296.1,WP_349230297.1,WP_177292787.1	21039	25728	4674	5900	NZ_JBBMFJ010000036.1	-	GCF_040096075.1	3133170
364	WP_103229931.1,WP_103229932.1,WP_103229933.1	78223	82920	4665	5899	NZ_PKUU01000024.1	+	GCF_002899675.1	2067550
365	WP_216433388.1,WP_216433390.1,WP_216433403.1	312359	320745	4704	5888	NZ_JAHLPY010000001.1	-	GCF_018918155.1	2841520
366	WP_177304195.1,WP_373242323.1,WP_373242324.1	156446	161134	4674	5885	NZ_CAXTPD010000001.1	+	GCF_964246085.1	1286820
367	WP_087312790.1,WP_087312791.1,WP_087312794.1	187260	193346	4731	5882	NZ_NFLV01000003.1	-	GCF_002161065.1	1965542
368	WP_118531701.1,WP_118531703.1,WP_118531705.1	117309	121997	4674	5878	NZ_QUFI01000007.1	+	GCF_003478505.1	2292206
369	WP_307251768.1,WP_307251770.1,WP_106612372.1	44280	49201	4773	5877	NZ_JAUSTO010000001.1	-	GCF_030812885.1	371674
370	WP_087279547.1,WP_087279559.1,WP_087279562.1	2644	8839	4740	5876	NZ_NFIR01000007.1	+	GCF_002159465.1	1965628
371	WP_304945726.1,WP_304945727.1,WP_304945728.1	1443506	1448395	4782	5849	NZ_CP130060.1	-	GCF_030644385.1	3059030
372	WP_184090748.1,WP_184090757.1,WP_184090987.1	1231730	1239141	4776	5819	NZ_AP023367.1	+	GCF_014218335.1	433286
373	WP_111524641.1,WP_119808288.1,WP_111524639.1	1921565	1927585	4920	5819	NZ_LR699010.1	-	GCF_902387945.1	617123
374	WP_251492816.1,WP_251492818.1,WP_251492820.1	93434	98187	4686	5803	NZ_CALPCY010000007.1	-	GCF_943193115.1	2941515
375	WP_009533448.1,WP_009533449.1,WP_408640649.1	529466	534352	4731	5704	NZ_JH590863.1	+	GCF_000242235.1	796942
376	WP_053986113.1,WP_082238890.1,WP_053986114.1	3188052	3191702	3567	5337	NZ_LN875035.1	-	GCF_001282685.1	1658108
377	WP_249332323.1,WP_249332324.1,WP_177668860.1	52364	56011	3564	5279	NZ_JACRSY010000008.1	-	GCF_014384995.1	2763666
378	WP_088108816.1,WP_088108817.1,WP_088108818.1	89842	93387	3477	5261	NZ_NFLT01000005.1	+	GCF_002161055.1	1965545
379	WP_099448303.1,WP_099448304.1,WP_099448305.1	131692	135469	3657	5249	NZ_PEDL01000002.1	+	GCF_002735925.1	3072179
380	WP_410496637.1,WP_410496638.1,WP_041713001.1	911061	915054	3804	5243	NZ_CP132338.1	+	GCF_046529625.1	3055805
381	WP_014255300.1,WP_014255301.1,WP_014255303.1	2438094	2442626	3627	5196	NC_016627.1	-	GCF_000237085.1	720554
382	WP_177718024.1,WP_177718026.1,WP_177718028.1	10859	14781	3780	5192	NZ_JACRSQ010000005.1	+	GCF_014384895.1	2763661
383	WP_123610395.1,WP_123610406.1,WP_123610407.1	6339	17527	3306	5174	NZ_RJVG01000011.1	+	GCF_003752155.1	1329262
384	WP_069997360.1,WP_069997361.1,WP_083258453.1	335960	339737	3654	5166	NZ_FMMP01000006.1	+	GCF_900095725.1	1892843
385	WP_102366447.1,WP_102366450.1,WP_102366451.1	2609584	2614848	3792	5140	NZ_CP020991.1	+	GCF_002874775.1	1981510
386	WP_235832569.1,WP_128705829.1,WP_128705830.1	99124	103584	3642	5136	NZ_RLII01000004.1	-	GCF_004102745.1	2487273
387	WP_253229877.1,WP_253229878.1,WP_253229879.1	516503	520316	3771	5131	NZ_JAMYJV010000003.1	+	GCF_024135845.1	2944391
388	WP_003517262.1,WP_136479562.1,WP_136479564.1	2233374	2237871	3648	5123	NZ_CP163137.1	-	GCF_004803955.2	1515
389	WP_004038659.1,WP_004038657.1,WP_004038655.1	1403400	1406973	3471	5121	NZ_CP097810.1	+	GCF_000364165.2	97138
390	WP_226392943.1,WP_226392944.1,WP_226392946.1	13368	18085	3795	5093	NZ_JADCKB010000015.1	-	GCF_014982785.1	2779355
391	WP_265443640.1,WP_265443645.1,WP_038289262.1	856673	861147	3642	5087	NZ_JAJUXF010000001.1	+	GCF_026155355.1	253314
392	WP_015359754.1,WP_065821029.1,WP_015359756.1	2436851	2440592	3585	5079	NZ_CP014673.1	-	GCF_001697285.1	1346611
393	WP_010243189.1,WP_010243193.1,WP_010243195.1	121017	125484	3657	5068	NZ_JH556651.1	+	GCF_000179595.2	509191
394	WP_105368422.1,WP_105368423.1,WP_101301578.1	3000213	3004653	3666	5020	NZ_NEMB01000003.1	-	GCF_002969215.1	1677857
395	WP_306697197.1,WP_306697199.1,WP_306697201.1	24118	28632	3675	4952	NZ_JAVDDS010000034.1	+	GCF_030848475.1	3069754
396	WP_306307318.1,WP_054741466.1,WP_054741468.1	17620	21498	3627	4922	NZ_BBCG01000019.1	-	GCF_001311925.1	1294025
397	WP_019189885.1,WP_019189884.1,WP_019189873.1	556686	569230	3252	4737	NZ_HG529490.1	-	GCF_000308275.2	938289
398	WP_342680699.1,WP_191481577.1,WP_191510596.1	38916	42629	2829	4714	NZ_JBBEWN010000003.1	-	GCF_038739695.1	3133035
399	WP_066088422.1,WP_066088431.1,WP_066088434.1	145605	152022	3540	3375	NZ_LRVM01000006.1	+	GCF_001571775.1	36847
400	WP_212508167.1,WP_212508168.1,WP_212508173.1	1179204	1189289	3915	3164	NZ_CP060696.1	+	GCF_014467055.1	2766537
